city,date,hour,temperature,humidity,pm25,illumination
北京鹫峰国家森林公园,2026-06-02,00:00,21.0,82.7,28.7,0.0
北京鹫峰国家森林公园,2026-06-02,00:05,20.2,83.4,24.1,0.0
北京鹫峰国家森林公园,2026-06-02,00:10,19.0,83.1,32.2,0.0
北京鹫峰国家森林公园,2026-06-02,00:15,19.2,84.0,31.4,0.0
北京鹫峰国家森林公园,2026-06-02,00:20,21.1,85.8,30.1,0.0
北京鹫峰国家森林公园,2026-06-02,00:25,21.0,88.0,30.9,0.0
北京鹫峰国家森林公园,2026-06-02,00:30,19.4,82.2,22.9,0.0
北京鹫峰国家森林公园,2026-06-02,00:35,18.9,81.6,23.3,0.0
北京鹫峰国家森林公园,2026-06-02,00:40,20.3,87.7,25.0,0.0
北京鹫峰国家森林公园,2026-06-02,00:45,19.1,85.0,29.4,0.0
北京鹫峰国家森林公园,2026-06-02,00:50,19.5,86.3,27.1,0.0
北京鹫峰国家森林公园,2026-06-02,00:55,20.8,81.9,35.2,0.0
北京鹫峰国家森林公园,2026-06-02,01:00,20.9,84.7,30.4,0.0
北京鹫峰国家森林公园,2026-06-02,01:05,20.7,81.4,31.8,0.0
北京鹫峰国家森林公园,2026-06-02,01:10,19.9,82.5,35.0,0.0
北京鹫峰国家森林公园,2026-06-02,01:15,20.7,81.1,22.7,0.0
北京鹫峰国家森林公园,2026-06-02,01:20,19.9,85.9,25.8,0.0
北京鹫峰国家森林公园,2026-06-02,01:25,20.6,80.4,22.0,0.0
北京鹫峰国家森林公园,2026-06-02,01:30,20.9,84.8,28.2,0.0
北京鹫峰国家森林公园,2026-06-02,01:35,21.1,81.0,25.4,0.0
北京鹫峰国家森林公园,2026-06-02,01:40,20.3,83.1,32.9,0.0
北京鹫峰国家森林公园,2026-06-02,01:45,20.1,85.5,31.1,0.0
北京鹫峰国家森林公园,2026-06-02,01:50,19.2,80.1,27.0,0.0
北京鹫峰国家森林公园,2026-06-02,01:55,20.7,85.9,33.5,0.0
北京鹫峰国家森林公园,2026-06-02,02:00,19.5,88.3,34.5,0.0
北京鹫峰国家森林公园,2026-06-02,02:05,19.0,83.2,28.7,0.0
北京鹫峰国家森林公园,2026-06-02,02:10,20.7,81.0,34.4,0.0
北京鹫峰国家森林公园,2026-06-02,02:15,20.8,80.9,32.5,0.0
北京鹫峰国家森林公园,2026-06-02,02:20,19.2,80.9,29.4,0.0
北京鹫峰国家森林公园,2026-06-02,02:25,20.9,86.5,32.5,0.0
北京鹫峰国家森林公园,2026-06-02,02:30,19.1,83.0,32.4,0.0
北京鹫峰国家森林公园,2026-06-02,02:35,19.7,87.1,31.8,0.0
北京鹫峰国家森林公园,2026-06-02,02:40,19.9,83.3,34.3,0.0
北京鹫峰国家森林公园,2026-06-02,02:45,21.0,85.0,35.6,0.0
北京鹫峰国家森林公园,2026-06-02,02:50,20.6,84.7,32.7,0.0
北京鹫峰国家森林公园,2026-06-02,02:55,19.5,81.6,27.7,0.0
北京鹫峰国家森林公园,2026-06-02,03:00,19.9,87.2,31.1,0.0
北京鹫峰国家森林公园,2026-06-02,03:05,21.0,85.2,35.4,0.0
北京鹫峰国家森林公园,2026-06-02,03:10,20.2,85.0,28.2,0.0
北京鹫峰国家森林公园,2026-06-02,03:15,19.4,80.2,26.8,0.0
北京鹫峰国家森林公园,2026-06-02,03:20,19.0,84.2,24.3,0.0
北京鹫峰国家森林公园,2026-06-02,03:25,20.3,84.3,23.9,0.0
北京鹫峰国家森林公园,2026-06-02,03:30,19.4,82.2,28.4,0.0
北京鹫峰国家森林公园,2026-06-02,03:35,21.0,82.9,24.6,0.0
北京鹫峰国家森林公园,2026-06-02,03:40,20.0,88.4,23.5,0.0
北京鹫峰国家森林公园,2026-06-02,03:45,20.1,87.8,29.3,0.0
北京鹫峰国家森林公园,2026-06-02,03:50,19.5,82.6,25.9,0.0
北京鹫峰国家森林公园,2026-06-02,03:55,19.5,84.9,24.6,0.0
北京鹫峰国家森林公园,2026-06-02,04:00,20.8,79.6,32.6,0.0
北京鹫峰国家森林公园,2026-06-02,04:05,20.2,84.0,34.3,0.0
北京鹫峰国家森林公园,2026-06-02,04:10,20.0,84.4,26.7,0.0
北京鹫峰国家森林公园,2026-06-02,04:15,19.6,85.6,34.7,0.0
北京鹫峰国家森林公园,2026-06-02,04:20,19.7,81.8,34.2,0.0
北京鹫峰国家森林公园,2026-06-02,04:25,20.7,82.4,29.3,0.0
北京鹫峰国家森林公园,2026-06-02,04:30,19.6,86.1,32.9,0.0
北京鹫峰国家森林公园,2026-06-02,04:35,21.0,83.9,25.1,0.0
北京鹫峰国家森林公园,2026-06-02,04:40,20.4,83.3,31.5,0.0
北京鹫峰国家森林公园,2026-06-02,04:45,19.7,82.9,25.4,0.0
北京鹫峰国家森林公园,2026-06-02,04:50,20.4,86.7,34.5,0.0
北京鹫峰国家森林公园,2026-06-02,04:55,20.1,83.8,30.5,0.0
北京鹫峰国家森林公园,2026-06-02,05:00,18.9,81.0,27.2,0.0
北京鹫峰国家森林公园,2026-06-02,05:05,20.2,81.6,22.7,0.0
北京鹫峰国家森林公园,2026-06-02,05:10,20.8,86.4,24.6,0.0
北京鹫峰国家森林公园,2026-06-02,05:15,19.3,86.5,25.3,0.0
北京鹫峰国家森林公园,2026-06-02,05:20,20.4,84.9,30.1,0.0
北京鹫峰国家森林公园,2026-06-02,05:25,19.5,82.1,31.8,0.0
北京鹫峰国家森林公园,2026-06-02,05:30,21.0,81.0,23.9,0.0
北京鹫峰国家森林公园,2026-06-02,05:35,19.6,88.2,25.0,0.0
北京鹫峰国家森林公园,2026-06-02,05:40,19.2,82.5,26.5,0.0
北京鹫峰国家森林公园,2026-06-02,05:45,19.2,86.1,23.0,0.0
北京鹫峰国家森林公园,2026-06-02,05:50,19.5,85.6,29.6,0.0
北京鹫峰国家森林公园,2026-06-02,05:55,19.9,87.6,34.5,0.0
北京鹫峰国家森林公园,2026-06-02,06:00,24.6,79.8,28.4,0
北京鹫峰国家森林公园,2026-06-02,06:05,23.7,84.4,31.0,1710.9
北京鹫峰国家森林公园,2026-06-02,06:10,24.3,86.3,35.6,2710.4
北京鹫峰国家森林公园,2026-06-02,06:15,24.3,85.3,28.8,4226.9
北京鹫峰国家森林公园,2026-06-02,06:20,24.7,86.4,24.2,5108.4
北京鹫峰国家森林公园,2026-06-02,06:25,24.4,87.5,28.4,7969.6
北京鹫峰国家森林公园,2026-06-02,06:30,24.2,87.6,32.2,10193.7
北京鹫峰国家森林公园,2026-06-02,06:35,24.6,80.0,34.5,12414.8
北京鹫峰国家森林公园,2026-06-02,06:40,24.2,87.0,26.6,11909.6
北京鹫峰国家森林公园,2026-06-02,06:45,23.6,84.6,22.8,11641.0
北京鹫峰国家森林公园,2026-06-02,06:50,24.0,81.5,26.5,15126.7
北京鹫峰国家森林公园,2026-06-02,06:55,24.1,84.6,27.6,16044.7
北京鹫峰国家森林公园,2026-06-02,07:00,25.0,77.9,46.4,20241.9
北京鹫峰国家森林公园,2026-06-02,07:05,24.3,75.1,41.4,16561.6
北京鹫峰国家森林公园,2026-06-02,07:10,24.4,80.2,36.7,22761.2
北京鹫峰国家森林公园,2026-06-02,07:15,24.1,76.2,44.2,23681.2
北京鹫峰国家森林公园,2026-06-02,07:20,23.4,74.8,48.2,26059.7
北京鹫峰国家森林公园,2026-06-02,07:25,24.1,79.4,41.5,26050.5
北京鹫峰国家森林公园,2026-06-02,07:30,24.0,74.7,46.4,31125.0
北京鹫峰国家森林公园,2026-06-02,07:35,25.3,73.8,38.4,24285.7
北京鹫峰国家森林公园,2026-06-02,07:40,24.0,74.1,49.1,27175.6
北京鹫峰国家森林公园,2026-06-02,07:45,24.3,77.1,47.5,29744.1
北京鹫峰国家森林公园,2026-06-02,07:50,24.1,71.2,40.1,28591.0
北京鹫峰国家森林公园,2026-06-02,07:55,24.5,76.7,41.9,31877.7
北京鹫峰国家森林公园,2026-06-02,08:00,24.5,77.2,50.0,38351.4
北京鹫峰国家森林公园,2026-06-02,08:05,24.2,76.3,48.9,42430.2
北京鹫峰国家森林公园,2026-06-02,08:10,25.2,74.3,48.3,30178.4
北京鹫峰国家森林公园,2026-06-02,08:15,24.0,73.8,44.6,40694.0
北京鹫峰国家森林公园,2026-06-02,08:20,25.1,75.9,48.8,38396.2
北京鹫峰国家森林公园,2026-06-02,08:25,24.3,74.3,49.3,47925.9
北京鹫峰国家森林公园,2026-06-02,08:30,24.1,77.6,46.0,42495.9
北京鹫峰国家森林公园,2026-06-02,08:35,23.6,72.3,41.6,44707.5
北京鹫峰国家森林公园,2026-06-02,08:40,25.0,73.6,44.7,50809.8
北京鹫峰国家森林公园,2026-06-02,08:45,25.5,77.3,42.1,51676.6
北京鹫峰国家森林公园,2026-06-02,08:50,24.2,70.6,44.4,41307.8
北京鹫峰国家森林公园,2026-06-02,08:55,24.2,71.4,39.6,39255.0
北京鹫峰国家森林公园,2026-06-02,09:00,23.5,71.7,47.6,44410.8
北京鹫峰国家森林公园,2026-06-02,09:05,23.9,77.9,22.2,50008.5
北京鹫峰国家森林公园,2026-06-02,09:10,24.8,77.4,35.1,52202.7
北京鹫峰国家森林公园,2026-06-02,09:15,24.5,69.5,23.7,59336.3
北京鹫峰国家森林公园,2026-06-02,09:20,24.1,77.3,28.7,42817.9
北京鹫峰国家森林公园,2026-06-02,09:25,24.1,76.2,29.0,58861.8
北京鹫峰国家森林公园,2026-06-02,09:30,25.6,76.4,25.7,46483.2
北京鹫峰国家森林公园,2026-06-02,09:35,24.9,74.6,28.2,66407.7
北京鹫峰国家森林公园,2026-06-02,09:40,24.8,71.0,23.3,65435.9
北京鹫峰国家森林公园,2026-06-02,09:45,25.1,72.7,33.2,63016.9
北京鹫峰国家森林公园,2026-06-02,09:50,24.3,74.5,23.3,49164.5
北京鹫峰国家森林公园,2026-06-02,09:55,24.3,73.7,27.5,52776.7
北京鹫峰国家森林公园,2026-06-02,10:00,25.2,76.7,33.1,72410.7
北京鹫峰国家森林公园,2026-06-02,10:05,24.6,73.3,32.2,54581.2
北京鹫峰国家森林公园,2026-06-02,10:10,24.3,70.6,26.8,57187.1
北京鹫峰国家森林公园,2026-06-02,10:15,25.8,69.1,35.7,63546.9
北京鹫峰国家森林公园,2026-06-02,10:20,25.7,73.4,32.4,69203.8
北京鹫峰国家森林公园,2026-06-02,10:25,24.4,71.3,29.7,68010.0
北京鹫峰国家森林公园,2026-06-02,10:30,25.7,69.9,25.2,77903.4
北京鹫峰国家森林公园,2026-06-02,10:35,25.3,70.8,32.2,55329.8
北京鹫峰国家森林公园,2026-06-02,10:40,25.5,70.3,34.7,69812.2
北京鹫峰国家森林公园,2026-06-02,10:45,24.5,76.7,31.2,58833.5
北京鹫峰国家森林公园,2026-06-02,10:50,24.5,72.3,28.9,66345.8
北京鹫峰国家森林公园,2026-06-02,10:55,25.2,69.7,32.3,66544.0
北京鹫峰国家森林公园,2026-06-02,11:00,25.4,69.7,29.8,65285.9
北京鹫峰国家森林公园,2026-06-02,11:05,24.9,71.1,22.6,64596.9
北京鹫峰国家森林公园,2026-06-02,11:10,24.0,72.5,30.6,59793.4
北京鹫峰国家森林公园,2026-06-02,11:15,26.0,72.7,30.2,57146.5
北京鹫峰国家森林公园,2026-06-02,11:20,25.8,74.8,35.9,77179.2
北京鹫峰国家森林公园,2026-06-02,11:25,24.5,69.0,32.9,80494.9
北京鹫峰国家森林公园,2026-06-02,11:30,25.2,71.2,33.1,77921.3
北京鹫峰国家森林公园,2026-06-02,11:35,25.7,73.7,28.2,64746.0
北京鹫峰国家森林公园,2026-06-02,11:40,25.2,74.3,23.9,75868.5
北京鹫峰国家森林公园,2026-06-02,11:45,25.4,67.3,23.4,58059.4
北京鹫峰国家森林公园,2026-06-02,11:50,24.8,73.6,26.8,57779.4
北京鹫峰国家森林公园,2026-06-02,11:55,24.9,74.4,25.9,76244.9
北京鹫峰国家森林公园,2026-06-02,12:00,24.8,73.2,34.2,67660.1
北京鹫峰国家森林公园,2026-06-02,12:05,25.9,69.4,29.5,74123.5
北京鹫峰国家森林公园,2026-06-02,12:10,24.7,74.1,29.8,66452.3
北京鹫峰国家森林公园,2026-06-02,12:15,25.6,72.0,26.3,61899.3
北京鹫峰国家森林公园,2026-06-02,12:20,25.7,73.3,22.5,61939.3
北京鹫峰国家森林公园,2026-06-02,12:25,26.1,72.7,29.7,81050.6
北京鹫峰国家森林公园,2026-06-02,12:30,25.2,68.9,32.6,62766.6
北京鹫峰国家森林公园,2026-06-02,12:35,24.6,74.7,27.4,81399.0
北京鹫峰国家森林公园,2026-06-02,12:40,25.4,73.5,26.0,60509.6
北京鹫峰国家森林公园,2026-06-02,12:45,24.8,71.1,32.7,81750.8
北京鹫峰国家森林公园,2026-06-02,12:50,26.2,72.6,31.8,81061.1
北京鹫峰国家森林公园,2026-06-02,12:55,24.8,73.2,22.8,81296.0
北京鹫峰国家森林公园,2026-06-02,13:00,24.9,70.4,32.6,74599.3
北京鹫峰国家森林公园,2026-06-02,13:05,24.8,74.9,24.8,65432.5
北京鹫峰国家森林公园,2026-06-02,13:10,26.3,70.1,34.2,59039.7
北京鹫峰国家森林公园,2026-06-02,13:15,26.0,70.6,29.2,72473.9
北京鹫峰国家森林公园,2026-06-02,13:20,24.5,67.4,30.9,75420.6
北京鹫峰国家森林公园,2026-06-02,13:25,25.9,71.1,31.2,78015.8
北京鹫峰国家森林公园,2026-06-02,13:30,25.9,71.7,29.6,62839.7
北京鹫峰国家森林公园,2026-06-02,13:35,25.0,72.1,34.2,58490.0
北京鹫峰国家森林公园,2026-06-02,13:40,24.6,73.4,33.1,70919.4
北京鹫峰国家森林公园,2026-06-02,13:45,25.0,73.0,24.8,65634.7
北京鹫峰国家森林公园,2026-06-02,13:50,25.5,71.2,30.1,62625.7
北京鹫峰国家森林公园,2026-06-02,13:55,25.7,71.7,34.4,55846.3
北京鹫峰国家森林公园,2026-06-02,14:00,25.5,68.6,28.3,64074.0
北京鹫峰国家森林公园,2026-06-02,14:05,26.4,66.9,22.2,50212.1
北京鹫峰国家森林公园,2026-06-02,14:10,24.9,69.9,25.8,49475.6
北京鹫峰国家森林公园,2026-06-02,14:15,25.0,68.8,34.7,48078.8
北京鹫峰国家森林公园,2026-06-02,14:20,25.4,71.1,23.7,57377.4
北京鹫峰国家森林公园,2026-06-02,14:25,25.7,67.6,23.5,52959.5
北京鹫峰国家森林公园,2026-06-02,14:30,24.5,67.3,29.3,53408.6
北京鹫峰国家森林公园,2026-06-02,14:35,24.6,66.4,28.9,55888.9
北京鹫峰国家森林公园,2026-06-02,14:40,25.6,71.6,35.4,64684.1
北京鹫峰国家森林公园,2026-06-02,14:45,24.5,68.1,33.0,49610.6
北京鹫峰国家森林公园,2026-06-02,14:50,26.4,64.8,29.5,45742.2
北京鹫峰国家森林公园,2026-06-02,14:55,26.2,71.0,22.6,49840.1
北京鹫峰国家森林公园,2026-06-02,15:00,25.5,71.6,24.3,56419.4
北京鹫峰国家森林公园,2026-06-02,15:05,25.7,66.6,35.4,46477.7
北京鹫峰国家森林公园,2026-06-02,15:10,26.6,64.9,29.9,48080.3
北京鹫峰国家森林公园,2026-06-02,15:15,26.5,68.5,25.0,47775.8
北京鹫峰国家森林公园,2026-06-02,15:20,24.7,65.6,26.2,46031.1
北京鹫峰国家森林公园,2026-06-02,15:25,25.9,64.3,32.1,50701.0
北京鹫峰国家森林公园,2026-06-02,15:30,24.8,70.3,27.6,40339.5
北京鹫峰国家森林公园,2026-06-02,15:35,26.5,68.5,22.3,49860.3
北京鹫峰国家森林公园,2026-06-02,15:40,24.8,65.5,25.6,45186.5
北京鹫峰国家森林公园,2026-06-02,15:45,24.7,68.2,25.9,35072.1
北京鹫峰国家森林公园,2026-06-02,15:50,26.6,67.8,28.2,36290.7
北京鹫峰国家森林公园,2026-06-02,15:55,24.5,69.8,24.7,33901.6
北京鹫峰国家森林公园,2026-06-02,16:00,24.5,69.0,33.9,34193.0
北京鹫峰国家森林公园,2026-06-02,16:05,24.7,67.7,29.6,35605.2
北京鹫峰国家森林公园,2026-06-02,16:10,24.7,72.7,30.2,38092.6
北京鹫峰国家森林公园,2026-06-02,16:15,26.0,72.0,31.4,29657.0
北京鹫峰国家森林公园,2026-06-02,16:20,25.8,69.6,30.3,24043.5
北京鹫峰国家森林公园,2026-06-02,16:25,24.7,69.7,22.3,33722.8
北京鹫峰国家森林公园,2026-06-02,16:30,24.7,66.0,35.9,22153.8
北京鹫峰国家森林公园,2026-06-02,16:35,26.4,65.8,22.7,24336.4
北京鹫峰国家森林公园,2026-06-02,16:40,26.0,72.8,22.4,25847.4
北京鹫峰国家森林公园,2026-06-02,16:45,24.6,65.7,35.4,18689.5
北京鹫峰国家森林公园,2026-06-02,16:50,24.1,72.4,33.7,17454.3
北京鹫峰国家森林公园,2026-06-02,16:55,25.8,72.4,24.5,18583.6
北京鹫峰国家森林公园,2026-06-02,17:00,24.8,68.6,23.3,19664.1
北京鹫峰国家森林公园,2026-06-02,17:05,25.8,69.1,30.7,15307.2
北京鹫峰国家森林公园,2026-06-02,17:10,24.8,66.1,31.2,12477.0
北京鹫峰国家森林公园,2026-06-02,17:15,26.0,68.9,33.6,11733.0
北京鹫峰国家森林公园,2026-06-02,17:20,25.3,67.7,29.5,14595.4
北京鹫峰国家森林公园,2026-06-02,17:25,25.2,66.2,31.1,11868.0
北京鹫峰国家森林公园,2026-06-02,17:30,24.9,66.9,27.4,8955.9
北京鹫峰国家森林公园,2026-06-02,17:35,25.5,72.3,27.2,6322.2
北京鹫峰国家森林公园,2026-06-02,17:40,25.8,71.1,24.9,5631.8
北京鹫峰国家森林公园,2026-06-02,17:45,24.5,71.0,29.9,4767.0
北京鹫峰国家森林公园,2026-06-02,17:50,24.4,70.3,31.2,2886.1
北京鹫峰国家森林公园,2026-06-02,17:55,24.7,71.3,25.2,1276.6
北京鹫峰国家森林公园,2026-06-02,18:00,25.1,68.9,35.1,0.0
北京鹫峰国家森林公园,2026-06-02,18:05,25.4,73.7,37.8,0.0
北京鹫峰国家森林公园,2026-06-02,18:10,24.7,73.3,33.1,0.0
北京鹫峰国家森林公园,2026-06-02,18:15,24.6,72.3,34.6,0.0
北京鹫峰国家森林公园,2026-06-02,18:20,24.4,73.9,44.9,0.0
北京鹫峰国家森林公园,2026-06-02,18:25,24.3,68.1,33.2,0.0
北京鹫峰国家森林公园,2026-06-02,18:30,25.0,68.9,41.5,0.0
北京鹫峰国家森林公园,2026-06-02,18:35,24.1,70.5,46.2,0.0
北京鹫峰国家森林公园,2026-06-02,18:40,23.8,75.0,44.6,0.0
北京鹫峰国家森林公园,2026-06-02,18:45,25.6,69.3,39.2,0.0
北京鹫峰国家森林公园,2026-06-02,18:50,24.7,73.7,36.5,0.0
北京鹫峰国家森林公园,2026-06-02,18:55,25.5,72.1,41.4,0.0
北京鹫峰国家森林公园,2026-06-02,19:00,24.1,72.7,43.7,0.0
北京鹫峰国家森林公园,2026-06-02,19:05,24.3,69.1,38.3,0.0
北京鹫峰国家森林公园,2026-06-02,19:10,25.6,68.1,41.2,0.0
北京鹫峰国家森林公园,2026-06-02,19:15,23.8,73.4,42.0,0.0
北京鹫峰国家森林公园,2026-06-02,19:20,23.5,74.7,41.7,0.0
北京鹫峰国家森林公园,2026-06-02,19:25,23.6,71.9,38.4,0.0
北京鹫峰国家森林公园,2026-06-02,19:30,23.9,70.1,46.0,0.0
北京鹫峰国家森林公园,2026-06-02,19:35,25.0,68.5,41.0,0.0
北京鹫峰国家森林公园,2026-06-02,19:40,24.8,77.0,40.0,0.0
北京鹫峰国家森林公园,2026-06-02,19:45,23.7,73.4,38.6,0.0
北京鹫峰国家森林公园,2026-06-02,19:50,23.4,75.3,33.9,0.0
北京鹫峰国家森林公园,2026-06-02,19:55,24.0,71.6,45.7,0.0
北京鹫峰国家森林公园,2026-06-02,20:00,25.2,72.6,36.0,0.0
北京鹫峰国家森林公园,2026-06-02,20:05,25.0,77.6,37.5,0.0
北京鹫峰国家森林公园,2026-06-02,20:10,25.0,72.1,35.3,0.0
北京鹫峰国家森林公园,2026-06-02,20:15,24.8,72.7,44.3,0.0
北京鹫峰国家森林公园,2026-06-02,20:20,24.2,75.4,41.8,0.0
北京鹫峰国家森林公园,2026-06-02,20:25,23.8,69.5,40.5,0.0
北京鹫峰国家森林公园,2026-06-02,20:30,23.4,70.3,38.0,0.0
北京鹫峰国家森林公园,2026-06-02,20:35,23.3,77.1,40.1,0.0
北京鹫峰国家森林公园,2026-06-02,20:40,24.5,71.1,34.1,0.0
北京鹫峰国家森林公园,2026-06-02,20:45,23.3,75.0,33.7,0.0
北京鹫峰国家森林公园,2026-06-02,20:50,23.2,72.4,39.0,0.0
北京鹫峰国家森林公园,2026-06-02,20:55,24.7,73.6,44.9,0.0
北京鹫峰国家森林公园,2026-06-02,21:00,24.7,74.6,38.0,0.0
北京鹫峰国家森林公园,2026-06-02,21:05,23.6,71.3,35.8,0.0
北京鹫峰国家森林公园,2026-06-02,21:10,24.5,72.2,26.8,0.0
北京鹫峰国家森林公园,2026-06-02,21:15,24.6,74.1,27.7,0.0
北京鹫峰国家森林公园,2026-06-02,21:20,23.3,76.1,27.1,0.0
北京鹫峰国家森林公园,2026-06-02,21:25,24.3,74.7,27.3,0.0
北京鹫峰国家森林公园,2026-06-02,21:30,23.0,74.7,31.7,0.0
北京鹫峰国家森林公园,2026-06-02,21:35,24.8,76.1,27.4,0.0
北京鹫峰国家森林公园,2026-06-02,21:40,23.6,76.4,27.7,0.0
北京鹫峰国家森林公园,2026-06-02,21:45,24.1,73.3,22.3,0.0
北京鹫峰国家森林公园,2026-06-02,21:50,24.6,79.7,26.8,0.0
北京鹫峰国家森林公园,2026-06-02,21:55,24.0,73.4,29.9,0.0
北京鹫峰国家森林公园,2026-06-02,22:00,23.2,80.3,27.0,0.0
北京鹫峰国家森林公园,2026-06-02,22:05,23.2,76.6,27.2,0.0
北京鹫峰国家森林公园,2026-06-02,22:10,24.8,74.0,22.1,0.0
北京鹫峰国家森林公园,2026-06-02,22:15,23.9,77.4,32.2,0.0
北京鹫峰国家森林公园,2026-06-02,22:20,24.8,76.6,33.3,0.0
北京鹫峰国家森林公园,2026-06-02,22:25,22.7,73.0,29.6,0.0
北京鹫峰国家森林公园,2026-06-02,22:30,23.5,72.1,26.4,0.0
北京鹫峰国家森林公园,2026-06-02,22:35,22.8,73.2,25.4,0.0
北京鹫峰国家森林公园,2026-06-02,22:40,24.0,75.9,30.6,0.0
北京鹫峰国家森林公园,2026-06-02,22:45,22.8,79.8,25.1,0.0
北京鹫峰国家森林公园,2026-06-02,22:50,22.9,75.5,34.5,0.0
北京鹫峰国家森林公园,2026-06-02,22:55,23.2,73.1,25.0,0.0
北京鹫峰国家森林公园,2026-06-02,23:00,24.0,79.5,26.8,0.0
北京鹫峰国家森林公园,2026-06-02,23:05,24.6,75.0,23.8,0.0
北京鹫峰国家森林公园,2026-06-02,23:10,22.7,74.7,23.8,0.0
北京鹫峰国家森林公园,2026-06-02,23:15,23.0,78.1,22.9,0.0
北京鹫峰国家森林公园,2026-06-02,23:20,24.0,77.9,26.8,0.0
北京鹫峰国家森林公园,2026-06-02,23:25,23.8,78.3,23.0,0.0
北京鹫峰国家森林公园,2026-06-02,23:30,22.7,77.8,25.7,0.0
北京鹫峰国家森林公园,2026-06-02,23:35,23.1,80.9,30.6,0.0
北京鹫峰国家森林公园,2026-06-02,23:40,22.8,79.3,35.8,0.0
北京鹫峰国家森林公园,2026-06-02,23:45,24.1,82.4,23.2,0.0
北京鹫峰国家森林公园,2026-06-02,23:50,23.3,75.8,32.7,0.0
北京鹫峰国家森林公园,2026-06-02,23:55,23.6,78.9,26.5,0.0
北京鹫峰国家森林公园,2026-06-03,00:00,21.0,79.3,24.7,0.0
北京鹫峰国家森林公园,2026-06-03,00:05,20.2,86.2,30.2,0.0
北京鹫峰国家森林公园,2026-06-03,00:10,19.8,85.5,35.7,0.0
北京鹫峰国家森林公园,2026-06-03,00:15,19.7,84.1,27.4,0.0
北京鹫峰国家森林公园,2026-06-03,00:20,20.5,82.3,29.3,0.0
北京鹫峰国家森林公园,2026-06-03,00:25,20.9,79.0,28.6,0.0
北京鹫峰国家森林公园,2026-06-03,00:30,20.5,86.9,27.6,0.0
北京鹫峰国家森林公园,2026-06-03,00:35,20.4,79.1,34.7,0.0
北京鹫峰国家森林公园,2026-06-03,00:40,21.2,84.3,35.8,0.0
北京鹫峰国家森林公园,2026-06-03,00:45,20.7,86.6,33.3,0.0
北京鹫峰国家森林公园,2026-06-03,00:50,19.9,86.5,32.3,0.0
北京鹫峰国家森林公园,2026-06-03,00:55,20.8,85.5,36.3,0.0
北京鹫峰国家森林公园,2026-06-03,01:00,21.3,82.0,29.1,0.0
北京鹫峰国家森林公园,2026-06-03,01:05,19.7,79.0,35.1,0.0
北京鹫峰国家森林公园,2026-06-03,01:10,19.8,79.0,24.2,0.0
北京鹫峰国家森林公园,2026-06-03,01:15,20.6,82.8,30.1,0.0
北京鹫峰国家森林公园,2026-06-03,01:20,20.3,82.5,36.2,0.0
北京鹫峰国家森林公园,2026-06-03,01:25,21.5,86.2,24.7,0.0
北京鹫峰国家森林公园,2026-06-03,01:30,19.8,86.7,32.3,0.0
北京鹫峰国家森林公园,2026-06-03,01:35,20.4,83.6,33.2,0.0
北京鹫峰国家森林公园,2026-06-03,01:40,20.8,83.4,28.3,0.0
北京鹫峰国家森林公园,2026-06-03,01:45,21.3,83.8,31.6,0.0
北京鹫峰国家森林公园,2026-06-03,01:50,19.6,81.9,37.4,0.0
北京鹫峰国家森林公园,2026-06-03,01:55,20.0,87.2,24.1,0.0
北京鹫峰国家森林公园,2026-06-03,02:00,19.5,84.4,24.9,0.0
北京鹫峰国家森林公园,2026-06-03,02:05,20.1,85.8,26.2,0.0
北京鹫峰国家森林公园,2026-06-03,02:10,19.4,79.9,30.7,0.0
北京鹫峰国家森林公园,2026-06-03,02:15,20.8,86.4,30.1,0.0
北京鹫峰国家森林公园,2026-06-03,02:20,20.9,86.2,37.6,0.0
北京鹫峰国家森林公园,2026-06-03,02:25,20.2,81.9,34.6,0.0
北京鹫峰国家森林公园,2026-06-03,02:30,21.0,86.1,37.3,0.0
北京鹫峰国家森林公园,2026-06-03,02:35,20.0,85.8,24.2,0.0
北京鹫峰国家森林公园,2026-06-03,02:40,20.5,83.9,34.1,0.0
北京鹫峰国家森林公园,2026-06-03,02:45,21.0,82.3,25.6,0.0
北京鹫峰国家森林公园,2026-06-03,02:50,20.0,82.0,29.6,0.0
北京鹫峰国家森林公园,2026-06-03,02:55,19.9,83.3,29.1,0.0
北京鹫峰国家森林公园,2026-06-03,03:00,21.2,86.1,31.1,0.0
北京鹫峰国家森林公园,2026-06-03,03:05,20.8,86.0,25.6,0.0
北京鹫峰国家森林公园,2026-06-03,03:10,20.5,82.9,30.0,0.0
北京鹫峰国家森林公园,2026-06-03,03:15,21.2,85.5,24.4,0.0
北京鹫峰国家森林公园,2026-06-03,03:20,20.3,85.9,33.0,0.0
北京鹫峰国家森林公园,2026-06-03,03:25,20.3,86.6,33.6,0.0
北京鹫峰国家森林公园,2026-06-03,03:30,19.9,80.6,36.5,0.0
北京鹫峰国家森林公园,2026-06-03,03:35,21.5,84.8,33.7,0.0
北京鹫峰国家森林公园,2026-06-03,03:40,19.9,83.7,26.1,0.0
北京鹫峰国家森林公园,2026-06-03,03:45,21.5,79.2,35.2,0.0
北京鹫峰国家森林公园,2026-06-03,03:50,20.8,87.1,28.5,0.0
北京鹫峰国家森林公园,2026-06-03,03:55,20.5,85.3,32.9,0.0
北京鹫峰国家森林公园,2026-06-03,04:00,21.1,79.5,25.4,0.0
北京鹫峰国家森林公园,2026-06-03,04:05,20.6,82.3,25.5,0.0
北京鹫峰国家森林公园,2026-06-03,04:10,21.0,82.7,31.0,0.0
北京鹫峰国家森林公园,2026-06-03,04:15,21.3,80.5,26.1,0.0
北京鹫峰国家森林公园,2026-06-03,04:20,20.1,82.9,26.1,0.0
北京鹫峰国家森林公园,2026-06-03,04:25,20.9,80.1,27.5,0.0
北京鹫峰国家森林公园,2026-06-03,04:30,21.5,80.2,32.6,0.0
北京鹫峰国家森林公园,2026-06-03,04:35,19.5,84.7,33.0,0.0
北京鹫峰国家森林公园,2026-06-03,04:40,19.9,85.4,28.9,0.0
北京鹫峰国家森林公园,2026-06-03,04:45,19.6,78.5,25.9,0.0
北京鹫峰国家森林公园,2026-06-03,04:50,21.2,82.6,27.6,0.0
北京鹫峰国家森林公园,2026-06-03,04:55,21.0,87.2,28.7,0.0
北京鹫峰国家森林公园,2026-06-03,05:00,20.0,86.7,24.3,0.0
北京鹫峰国家森林公园,2026-06-03,05:05,19.9,79.3,31.4,0.0
北京鹫峰国家森林公园,2026-06-03,05:10,21.3,81.5,29.1,0.0
北京鹫峰国家森林公园,2026-06-03,05:15,20.3,83.4,37.6,0.0
北京鹫峰国家森林公园,2026-06-03,05:20,21.3,85.2,31.7,0.0
北京鹫峰国家森林公园,2026-06-03,05:25,20.8,85.8,29.9,0.0
北京鹫峰国家森林公园,2026-06-03,05:30,19.9,79.8,36.5,0.0
北京鹫峰国家森林公园,2026-06-03,05:35,21.0,85.1,25.3,0.0
北京鹫峰国家森林公园,2026-06-03,05:40,20.2,86.0,33.1,0.0
北京鹫峰国家森林公园,2026-06-03,05:45,20.0,78.8,34.3,0.0
北京鹫峰国家森林公园,2026-06-03,05:50,19.9,86.4,37.2,0.0
北京鹫峰国家森林公园,2026-06-03,05:55,20.5,83.6,27.6,0.0
北京鹫峰国家森林公园,2026-06-03,06:00,24.0,79.2,33.0,0
北京鹫峰国家森林公园,2026-06-03,06:05,23.4,81.2,32.6,1378.7
北京鹫峰国家森林公园,2026-06-03,06:10,24.4,79.1,29.6,3494.9
北京鹫峰国家森林公园,2026-06-03,06:15,24.3,83.8,28.2,4198.5
北京鹫峰国家森林公园,2026-06-03,06:20,25.5,83.5,26.8,5249.5
北京鹫峰国家森林公园,2026-06-03,06:25,25.5,85.2,37.2,9183.6
北京鹫峰国家森林公园,2026-06-03,06:30,23.9,80.8,26.9,8563.3
北京鹫峰国家森林公园,2026-06-03,06:35,24.5,86.8,34.7,9459.8
北京鹫峰国家森林公园,2026-06-03,06:40,25.4,79.2,35.4,13643.4
北京鹫峰国家森林公园,2026-06-03,06:45,25.0,84.2,33.2,11739.9
北京鹫峰国家森林公园,2026-06-03,06:50,25.7,84.0,29.2,17216.0
北京鹫峰国家森林公园,2026-06-03,06:55,25.3,84.0,30.7,14249.8
北京鹫峰国家森林公园,2026-06-03,07:00,24.7,74.6,49.7,19989.5
北京鹫峰国家森林公园,2026-06-03,07:05,24.1,74.8,45.7,22763.5
北京鹫峰国家森林公园,2026-06-03,07:10,24.2,71.3,51.1,19825.2
北京鹫峰国家森林公园,2026-06-03,07:15,24.7,79.1,50.8,20572.4
北京鹫峰国家森林公园,2026-06-03,07:20,24.9,77.7,40.0,20980.1
北京鹫峰国家森林公园,2026-06-03,07:25,25.7,78.0,45.0,25791.8
北京鹫峰国家森林公园,2026-06-03,07:30,25.3,71.8,39.0,28583.4
北京鹫峰国家森林公园,2026-06-03,07:35,24.7,71.4,45.9,30806.6
北京鹫峰国家森林公园,2026-06-03,07:40,23.9,75.2,50.5,24385.1
北京鹫峰国家森林公园,2026-06-03,07:45,25.8,73.6,40.8,34986.6
北京鹫峰国家森林公园,2026-06-03,07:50,24.6,71.2,45.2,37354.8
北京鹫峰国家森林公园,2026-06-03,07:55,25.3,75.8,48.1,39684.5
北京鹫峰国家森林公园,2026-06-03,08:00,25.2,77.8,50.3,34552.3
北京鹫峰国家森林公园,2026-06-03,08:05,24.3,76.2,47.3,31191.8
北京鹫峰国家森林公园,2026-06-03,08:10,25.5,75.0,50.5,41004.9
北京鹫峰国家森林公园,2026-06-03,08:15,25.9,72.7,39.9,40329.0
北京鹫峰国家森林公园,2026-06-03,08:20,25.1,71.2,48.2,46556.3
北京鹫峰国家森林公园,2026-06-03,08:25,24.7,71.1,40.6,40461.2
北京鹫峰国家森林公园,2026-06-03,08:30,25.1,70.0,43.5,40512.2
北京鹫峰国家森林公园,2026-06-03,08:35,25.2,74.1,38.7,43978.1
北京鹫峰国家森林公园,2026-06-03,08:40,25.4,71.4,42.5,53167.4
北京鹫峰国家森林公园,2026-06-03,08:45,24.4,75.6,45.0,41555.9
北京鹫峰国家森林公园,2026-06-03,08:50,26.0,71.8,44.9,39404.3
北京鹫峰国家森林公园,2026-06-03,08:55,24.8,70.4,51.1,50800.4
北京鹫峰国家森林公园,2026-06-03,09:00,24.7,70.5,42.0,56628.6
北京鹫峰国家森林公园,2026-06-03,09:05,25.4,77.2,24.1,50275.2
北京鹫峰国家森林公园,2026-06-03,09:10,25.7,74.2,24.3,53709.1
北京鹫峰国家森林公园,2026-06-03,09:15,25.0,70.2,31.9,45944.7
北京鹫峰国家森林公园,2026-06-03,09:20,24.4,72.2,29.4,59389.4
北京鹫峰国家森林公园,2026-06-03,09:25,25.7,73.6,26.1,59353.6
北京鹫峰国家森林公园,2026-06-03,09:30,25.0,74.2,30.0,65740.4
北京鹫峰国家森林公园,2026-06-03,09:35,24.7,72.4,27.7,52251.8
北京鹫峰国家森林公园,2026-06-03,09:40,24.3,72.9,25.7,65955.9
北京鹫峰国家森林公园,2026-06-03,09:45,25.6,70.7,33.8,68214.1
北京鹫峰国家森林公园,2026-06-03,09:50,24.3,71.7,37.0,57491.7
北京鹫峰国家森林公园,2026-06-03,09:55,25.5,68.1,37.5,53704.2
北京鹫峰国家森林公园,2026-06-03,10:00,25.3,75.8,31.5,65142.4
北京鹫峰国家森林公园,2026-06-03,10:05,24.4,72.4,27.7,58588.7
北京鹫峰国家森林公园,2026-06-03,10:10,25.7,68.6,34.8,62700.5
北京鹫峰国家森林公园,2026-06-03,10:15,25.1,70.5,28.7,69197.7
北京鹫峰国家森林公园,2026-06-03,10:20,26.0,69.7,31.5,71865.6
北京鹫峰国家森林公园,2026-06-03,10:25,25.0,75.2,26.8,59985.6
北京鹫峰国家森林公园,2026-06-03,10:30,25.0,69.5,24.7,62142.8
北京鹫峰国家森林公园,2026-06-03,10:35,25.0,74.5,36.3,65325.2
北京鹫峰国家森林公园,2026-06-03,10:40,25.6,72.3,36.8,58189.7
北京鹫峰国家森林公园,2026-06-03,10:45,25.8,70.4,29.8,58573.3
北京鹫峰国家森林公园,2026-06-03,10:50,24.6,67.4,29.3,57301.3
北京鹫峰国家森林公园,2026-06-03,10:55,24.5,70.1,30.4,78153.5
北京鹫峰国家森林公园,2026-06-03,11:00,26.2,74.0,30.6,74868.1
北京鹫峰国家森林公园,2026-06-03,11:05,25.3,75.0,32.0,82436.7
北京鹫峰国家森林公园,2026-06-03,11:10,24.6,73.0,28.1,81343.0
北京鹫峰国家森林公园,2026-06-03,11:15,25.7,72.5,24.8,58411.4
北京鹫峰国家森林公园,2026-06-03,11:20,26.4,70.2,33.4,79493.1
北京鹫峰国家森林公园,2026-06-03,11:25,25.1,68.9,35.3,60704.0
北京鹫峰国家森林公园,2026-06-03,11:30,25.8,71.1,29.8,63782.1
北京鹫峰国家森林公园,2026-06-03,11:35,24.8,73.4,24.1,56564.1
北京鹫峰国家森林公园,2026-06-03,11:40,25.0,72.6,28.4,57220.7
北京鹫峰国家森林公园,2026-06-03,11:45,24.7,67.6,25.6,82804.2
北京鹫峰国家森林公园,2026-06-03,11:50,26.3,72.9,36.1,72928.1
北京鹫峰国家森林公园,2026-06-03,11:55,24.8,73.0,26.0,84749.2
北京鹫峰国家森林公园,2026-06-03,12:00,26.3,66.0,35.4,74882.6
北京鹫峰国家森林公园,2026-06-03,12:05,25.8,67.5,24.7,61073.4
北京鹫峰国家森林公园,2026-06-03,12:10,25.3,70.5,29.9,60557.6
北京鹫峰国家森林公园,2026-06-03,12:15,25.2,72.2,28.9,58877.4
北京鹫峰国家森林公园,2026-06-03,12:20,26.5,67.2,27.6,76487.8
北京鹫峰国家森林公园,2026-06-03,12:25,26.4,68.0,34.7,64819.6
北京鹫峰国家森林公园,2026-06-03,12:30,25.5,67.0,30.2,65200.7
北京鹫峰国家森林公园,2026-06-03,12:35,24.6,67.8,27.5,64803.0
北京鹫峰国家森林公园,2026-06-03,12:40,26.3,69.5,33.3,77251.8
北京鹫峰国家森林公园,2026-06-03,12:45,25.0,66.7,36.9,65307.8
北京鹫峰国家森林公园,2026-06-03,12:50,25.7,68.4,24.0,80538.8
北京鹫峰国家森林公园,2026-06-03,12:55,26.6,73.6,27.0,55372.4
北京鹫峰国家森林公园,2026-06-03,13:00,26.0,66.3,30.7,66252.7
北京鹫峰国家森林公园,2026-06-03,13:05,26.0,67.8,25.7,53511.1
北京鹫峰国家森林公园,2026-06-03,13:10,26.2,65.7,34.7,66075.4
北京鹫峰国家森林公园,2026-06-03,13:15,25.4,69.1,32.1,75633.3
北京鹫峰国家森林公园,2026-06-03,13:20,26.0,64.7,25.4,59202.8
北京鹫峰国家森林公园,2026-06-03,13:25,25.8,68.2,35.1,58884.2
北京鹫峰国家森林公园,2026-06-03,13:30,25.3,66.7,27.0,71417.2
北京鹫峰国家森林公园,2026-06-03,13:35,26.8,72.2,30.6,54559.6
北京鹫峰国家森林公园,2026-06-03,13:40,26.9,65.8,26.8,59475.9
北京鹫峰国家森林公园,2026-06-03,13:45,26.9,68.4,23.9,53411.4
北京鹫峰国家森林公园,2026-06-03,13:50,25.4,72.3,27.6,55235.9
北京鹫峰国家森林公园,2026-06-03,13:55,26.7,65.3,26.9,54467.6
北京鹫峰国家森林公园,2026-06-03,14:00,26.9,68.5,34.5,54624.8
北京鹫峰国家森林公园,2026-06-03,14:05,26.8,70.2,30.1,61907.5
北京鹫峰国家森林公园,2026-06-03,14:10,25.8,70.7,24.1,49776.9
北京鹫峰国家森林公园,2026-06-03,14:15,26.8,69.7,27.3,54978.2
北京鹫峰国家森林公园,2026-06-03,14:20,26.3,70.1,26.4,64121.2
北京鹫峰国家森林公园,2026-06-03,14:25,25.1,67.9,34.1,61681.4
北京鹫峰国家森林公园,2026-06-03,14:30,25.7,67.4,33.1,49861.8
北京鹫峰国家森林公园,2026-06-03,14:35,25.1,66.3,31.1,57253.7
北京鹫峰国家森林公园,2026-06-03,14:40,25.1,70.2,35.2,46953.3
北京鹫峰国家森林公园,2026-06-03,14:45,26.7,69.4,24.3,47090.3
北京鹫峰国家森林公园,2026-06-03,14:50,26.1,64.8,28.0,55557.0
北京鹫峰国家森林公园,2026-06-03,14:55,27.1,70.4,29.9,47739.9
北京鹫峰国家森林公园,2026-06-03,15:00,27.0,68.6,30.8,51366.6
北京鹫峰国家森林公园,2026-06-03,15:05,25.3,67.6,25.9,44132.5
北京鹫峰国家森林公园,2026-06-03,15:10,25.0,68.9,24.1,44013.7
北京鹫峰国家森林公园,2026-06-03,15:15,25.4,65.3,33.2,38142.2
北京鹫峰国家森林公园,2026-06-03,15:20,26.3,70.0,25.4,52017.5
北京鹫峰国家森林公园,2026-06-03,15:25,27.1,65.4,24.4,37902.4
北京鹫峰国家森林公园,2026-06-03,15:30,25.5,66.0,30.3,35213.1
北京鹫峰国家森林公园,2026-06-03,15:35,26.2,63.1,35.5,34995.8
北京鹫峰国家森林公园,2026-06-03,15:40,26.2,65.0,26.7,38719.1
北京鹫峰国家森林公园,2026-06-03,15:45,25.2,64.7,30.7,33509.3
北京鹫峰国家森林公园,2026-06-03,15:50,25.6,71.3,33.0,42052.4
北京鹫峰国家森林公园,2026-06-03,15:55,27.0,63.3,34.3,37122.5
北京鹫峰国家森林公园,2026-06-03,16:00,26.9,69.2,33.0,41641.6
北京鹫峰国家森林公园,2026-06-03,16:05,26.2,63.1,35.7,40447.1
北京鹫峰国家森林公园,2026-06-03,16:10,25.2,65.7,28.6,26460.8
北京鹫峰国家森林公园,2026-06-03,16:15,26.7,68.9,34.6,27472.3
北京鹫峰国家森林公园,2026-06-03,16:20,25.2,71.1,30.2,31971.5
北京鹫峰国家森林公园,2026-06-03,16:25,26.6,66.0,36.2,29811.7
北京鹫峰国家森林公园,2026-06-03,16:30,26.5,66.9,25.5,31186.6
北京鹫峰国家森林公园,2026-06-03,16:35,25.2,66.0,29.3,28002.9
北京鹫峰国家森林公园,2026-06-03,16:40,26.4,67.6,29.0,27641.4
北京鹫峰国家森林公园,2026-06-03,16:45,25.6,70.3,36.2,23067.6
北京鹫峰国家森林公园,2026-06-03,16:50,25.1,66.3,27.9,23856.7
北京鹫峰国家森林公园,2026-06-03,16:55,25.2,70.8,27.4,20377.6
北京鹫峰国家森林公园,2026-06-03,17:00,24.8,64.4,34.1,20667.2
北京鹫峰国家森林公园,2026-06-03,17:05,25.0,66.6,25.0,14885.3
北京鹫峰国家森林公园,2026-06-03,17:10,25.7,72.2,29.8,15138.9
北京鹫峰国家森林公园,2026-06-03,17:15,25.7,69.3,25.7,13251.7
北京鹫峰国家森林公园,2026-06-03,17:20,24.8,66.8,36.7,9644.8
北京鹫峰国家森林公园,2026-06-03,17:25,24.6,71.3,37.1,9736.8
北京鹫峰国家森林公园,2026-06-03,17:30,25.4,73.2,30.5,10343.7
北京鹫峰国家森林公园,2026-06-03,17:35,26.5,69.4,24.2,8225.7
北京鹫峰国家森林公园,2026-06-03,17:40,26.0,65.0,37.1,6792.6
北京鹫峰国家森林公园,2026-06-03,17:45,26.0,67.2,30.2,5307.3
北京鹫峰国家森林公园,2026-06-03,17:50,24.4,66.6,27.3,3043.2
北京鹫峰国家森林公园,2026-06-03,17:55,25.9,66.9,27.0,1398.3
北京鹫峰国家森林公园,2026-06-03,18:00,24.4,69.7,42.7,0.0
北京鹫峰国家森林公园,2026-06-03,18:05,25.2,66.5,38.6,0.0
北京鹫峰国家森林公园,2026-06-03,18:10,25.4,69.9,40.1,0.0
北京鹫峰国家森林公园,2026-06-03,18:15,24.3,73.5,36.0,0.0
北京鹫峰国家森林公园,2026-06-03,18:20,25.0,72.7,42.7,0.0
北京鹫峰国家森林公园,2026-06-03,18:25,25.4,69.5,36.0,0.0
北京鹫峰国家森林公园,2026-06-03,18:30,25.7,69.6,42.5,0.0
北京鹫峰国家森林公园,2026-06-03,18:35,25.1,71.6,42.5,0.0
北京鹫峰国家森林公园,2026-06-03,18:40,25.4,70.3,39.9,0.0
北京鹫峰国家森林公园,2026-06-03,18:45,24.3,68.4,47.3,0.0
北京鹫峰国家森林公园,2026-06-03,18:50,24.8,71.2,36.6,0.0
北京鹫峰国家森林公园,2026-06-03,18:55,24.6,66.3,38.6,0.0
北京鹫峰国家森林公园,2026-06-03,19:00,26.0,69.6,35.5,0.0
北京鹫峰国家森林公园,2026-06-03,19:05,25.2,68.1,44.7,0.0
北京鹫峰国家森林公园,2026-06-03,19:10,26.0,68.0,34.9,0.0
北京鹫峰国家森林公园,2026-06-03,19:15,24.4,67.6,40.9,0.0
北京鹫峰国家森林公园,2026-06-03,19:20,24.3,75.5,35.3,0.0
北京鹫峰国家森林公园,2026-06-03,19:25,25.0,69.2,38.0,0.0
北京鹫峰国家森林公园,2026-06-03,19:30,24.5,71.6,35.8,0.0
北京鹫峰国家森林公园,2026-06-03,19:35,25.1,72.7,38.0,0.0
北京鹫峰国家森林公园,2026-06-03,19:40,25.9,73.5,36.0,0.0
北京鹫峰国家森林公园,2026-06-03,19:45,24.7,75.3,40.9,0.0
北京鹫峰国家森林公园,2026-06-03,19:50,24.9,67.8,39.7,0.0
北京鹫峰国家森林公园,2026-06-03,19:55,25.7,67.7,40.9,0.0
北京鹫峰国家森林公园,2026-06-03,20:00,25.5,70.8,46.4,0.0
北京鹫峰国家森林公园,2026-06-03,20:05,23.8,75.3,48.4,0.0
北京鹫峰国家森林公园,2026-06-03,20:10,24.2,74.7,45.3,0.0
北京鹫峰国家森林公园,2026-06-03,20:15,25.4,74.9,42.5,0.0
北京鹫峰国家森林公园,2026-06-03,20:20,23.9,73.1,43.7,0.0
北京鹫峰国家森林公园,2026-06-03,20:25,25.7,74.0,46.0,0.0
北京鹫峰国家森林公园,2026-06-03,20:30,24.6,75.1,39.9,0.0
北京鹫峰国家森林公园,2026-06-03,20:35,24.3,71.5,42.7,0.0
北京鹫峰国家森林公园,2026-06-03,20:40,25.6,69.6,47.3,0.0
北京鹫峰国家森林公园,2026-06-03,20:45,24.4,71.6,39.1,0.0
北京鹫峰国家森林公园,2026-06-03,20:50,23.7,69.8,37.9,0.0
北京鹫峰国家森林公园,2026-06-03,20:55,25.1,75.5,38.9,0.0
北京鹫峰国家森林公园,2026-06-03,21:00,23.7,73.1,45.4,0.0
北京鹫峰国家森林公园,2026-06-03,21:05,24.3,74.0,27.7,0.0
北京鹫峰国家森林公园,2026-06-03,21:10,25.5,71.0,29.7,0.0
北京鹫峰国家森林公园,2026-06-03,21:15,24.2,69.5,28.0,0.0
北京鹫峰国家森林公园,2026-06-03,21:20,25.0,75.2,24.8,0.0
北京鹫峰国家森林公园,2026-06-03,21:25,25.3,71.0,30.1,0.0
北京鹫峰国家森林公园,2026-06-03,21:30,25.4,73.3,29.0,0.0
北京鹫峰国家森林公园,2026-06-03,21:35,24.7,74.5,24.1,0.0
北京鹫峰国家森林公园,2026-06-03,21:40,24.0,69.9,24.3,0.0
北京鹫峰国家森林公园,2026-06-03,21:45,23.5,78.1,34.7,0.0
北京鹫峰国家森林公园,2026-06-03,21:50,23.5,73.3,33.9,0.0
北京鹫峰国家森林公园,2026-06-03,21:55,23.4,77.8,37.1,0.0
北京鹫峰国家森林公园,2026-06-03,22:00,24.3,72.2,24.2,0.0
北京鹫峰国家森林公园,2026-06-03,22:05,24.6,79.0,34.5,0.0
北京鹫峰国家森林公园,2026-06-03,22:10,23.9,71.4,26.4,0.0
北京鹫峰国家森林公园,2026-06-03,22:15,24.1,75.5,34.6,0.0
北京鹫峰国家森林公园,2026-06-03,22:20,23.3,75.7,30.4,0.0
北京鹫峰国家森林公园,2026-06-03,22:25,23.9,76.5,37.2,0.0
北京鹫峰国家森林公园,2026-06-03,22:30,24.8,75.1,33.8,0.0
北京鹫峰国家森林公园,2026-06-03,22:35,23.1,78.9,29.9,0.0
北京鹫峰国家森林公园,2026-06-03,22:40,25.1,71.9,36.3,0.0
北京鹫峰国家森林公园,2026-06-03,22:45,23.8,72.8,29.5,0.0
北京鹫峰国家森林公园,2026-06-03,22:50,24.8,73.8,26.3,0.0
北京鹫峰国家森林公园,2026-06-03,22:55,23.4,74.7,37.3,0.0
北京鹫峰国家森林公园,2026-06-03,23:00,24.2,78.9,24.0,0.0
北京鹫峰国家森林公园,2026-06-03,23:05,23.2,78.6,29.0,0.0
北京鹫峰国家森林公园,2026-06-03,23:10,23.0,79.4,29.5,0.0
北京鹫峰国家森林公园,2026-06-03,23:15,24.6,75.1,30.6,0.0
北京鹫峰国家森林公园,2026-06-03,23:20,24.8,80.3,34.8,0.0
北京鹫峰国家森林公园,2026-06-03,23:25,23.7,77.1,36.6,0.0
北京鹫峰国家森林公园,2026-06-03,23:30,24.4,77.1,30.8,0.0
北京鹫峰国家森林公园,2026-06-03,23:35,24.6,75.5,25.8,0.0
北京鹫峰国家森林公园,2026-06-03,23:40,23.1,77.9,29.3,0.0
北京鹫峰国家森林公园,2026-06-03,23:45,24.3,80.2,31.0,0.0
北京鹫峰国家森林公园,2026-06-03,23:50,22.9,76.7,29.9,0.0
北京鹫峰国家森林公园,2026-06-03,23:55,23.2,79.4,30.3,0.0
北京鹫峰国家森林公园,2026-06-04,00:00,21.2,78.1,26.6,0.0
北京鹫峰国家森林公园,2026-06-04,00:05,20.5,81.1,29.0,0.0
北京鹫峰国家森林公园,2026-06-04,00:10,20.5,79.2,32.6,0.0
北京鹫峰国家森林公园,2026-06-04,00:15,22.0,78.9,31.4,0.0
北京鹫峰国家森林公园,2026-06-04,00:20,20.8,78.0,30.9,0.0
北京鹫峰国家森林公园,2026-06-04,00:25,21.7,82.8,26.1,0.0
北京鹫峰国家森林公园,2026-06-04,00:30,20.3,85.0,28.1,0.0
北京鹫峰国家森林公园,2026-06-04,00:35,21.2,85.8,27.7,0.0
北京鹫峰国家森林公园,2026-06-04,00:40,21.0,79.4,34.8,0.0
北京鹫峰国家森林公园,2026-06-04,00:45,21.0,83.2,35.3,0.0
北京鹫峰国家森林公园,2026-06-04,00:50,20.7,79.2,27.9,0.0
北京鹫峰国家森林公园,2026-06-04,00:55,20.2,80.9,36.8,0.0
北京鹫峰国家森林公园,2026-06-04,01:00,21.3,82.3,37.5,0.0
北京鹫峰国家森林公园,2026-06-04,01:05,20.4,80.6,34.4,0.0
北京鹫峰国家森林公园,2026-06-04,01:10,20.9,78.9,36.7,0.0
北京鹫峰国家森林公园,2026-06-04,01:15,20.8,79.0,29.5,0.0
北京鹫峰国家森林公园,2026-06-04,01:20,21.0,81.0,32.6,0.0
北京鹫峰国家森林公园,2026-06-04,01:25,21.9,80.9,31.0,0.0
北京鹫峰国家森林公园,2026-06-04,01:30,19.8,85.1,36.5,0.0
北京鹫峰国家森林公园,2026-06-04,01:35,20.6,85.0,35.1,0.0
北京鹫峰国家森林公园,2026-06-04,01:40,20.8,85.8,33.9,0.0
北京鹫峰国家森林公园,2026-06-04,01:45,22.0,83.9,26.8,0.0
北京鹫峰国家森林公园,2026-06-04,01:50,21.6,80.7,39.4,0.0
北京鹫峰国家森林公园,2026-06-04,01:55,20.8,82.8,27.6,0.0
北京鹫峰国家森林公园,2026-06-04,02:00,20.4,79.5,31.6,0.0
北京鹫峰国家森林公园,2026-06-04,02:05,20.3,83.4,33.3,0.0
北京鹫峰国家森林公园,2026-06-04,02:10,20.7,85.0,36.8,0.0
北京鹫峰国家森林公园,2026-06-04,02:15,21.0,83.5,29.4,0.0
北京鹫峰国家森林公园,2026-06-04,02:20,21.2,85.3,30.0,0.0
北京鹫峰国家森林公园,2026-06-04,02:25,21.3,79.4,37.4,0.0
北京鹫峰国家森林公园,2026-06-04,02:30,21.2,81.1,38.6,0.0
北京鹫峰国家森林公园,2026-06-04,02:35,21.1,79.6,37.2,0.0
北京鹫峰国家森林公园,2026-06-04,02:40,19.9,81.9,38.2,0.0
北京鹫峰国家森林公园,2026-06-04,02:45,21.4,80.0,31.2,0.0
北京鹫峰国家森林公园,2026-06-04,02:50,19.9,85.2,37.6,0.0
北京鹫峰国家森林公园,2026-06-04,02:55,21.2,77.1,28.0,0.0
北京鹫峰国家森林公园,2026-06-04,03:00,21.6,78.1,30.0,0.0
北京鹫峰国家森林公园,2026-06-04,03:05,20.9,77.1,28.8,0.0
北京鹫峰国家森林公园,2026-06-04,03:10,21.5,83.8,27.2,0.0
北京鹫峰国家森林公园,2026-06-04,03:15,21.4,84.1,35.9,0.0
北京鹫峰国家森林公园,2026-06-04,03:20,20.1,82.7,26.0,0.0
北京鹫峰国家森林公园,2026-06-04,03:25,21.7,79.5,30.5,0.0
北京鹫峰国家森林公园,2026-06-04,03:30,21.9,85.7,30.9,0.0
北京鹫峰国家森林公园,2026-06-04,03:35,20.6,85.4,38.8,0.0
北京鹫峰国家森林公园,2026-06-04,03:40,20.7,77.2,36.7,0.0
北京鹫峰国家森林公园,2026-06-04,03:45,20.1,85.6,37.5,0.0
北京鹫峰国家森林公园,2026-06-04,03:50,21.1,82.9,27.0,0.0
北京鹫峰国家森林公园,2026-06-04,03:55,20.9,85.6,27.3,0.0
北京鹫峰国家森林公园,2026-06-04,04:00,21.1,80.7,38.6,0.0
北京鹫峰国家森林公园,2026-06-04,04:05,21.2,83.4,27.1,0.0
北京鹫峰国家森林公园,2026-06-04,04:10,21.0,80.0,36.1,0.0
北京鹫峰国家森林公园,2026-06-04,04:15,20.2,82.6,29.0,0.0
北京鹫峰国家森林公园,2026-06-04,04:20,21.3,82.2,30.9,0.0
北京鹫峰国家森林公园,2026-06-04,04:25,20.4,80.2,29.2,0.0
北京鹫峰国家森林公园,2026-06-04,04:30,20.4,77.9,39.0,0.0
北京鹫峰国家森林公园,2026-06-04,04:35,20.2,83.9,33.9,0.0
北京鹫峰国家森林公园,2026-06-04,04:40,21.1,83.0,32.7,0.0
北京鹫峰国家森林公园,2026-06-04,04:45,20.4,82.9,26.4,0.0
北京鹫峰国家森林公园,2026-06-04,04:50,21.1,84.2,26.8,0.0
北京鹫峰国家森林公园,2026-06-04,04:55,21.3,84.2,39.2,0.0
北京鹫峰国家森林公园,2026-06-04,05:00,20.5,80.0,29.3,0.0
北京鹫峰国家森林公园,2026-06-04,05:05,19.8,85.5,27.9,0.0
北京鹫峰国家森林公园,2026-06-04,05:10,20.3,83.6,27.0,0.0
北京鹫峰国家森林公园,2026-06-04,05:15,20.7,81.6,28.3,0.0
北京鹫峰国家森林公园,2026-06-04,05:20,21.7,84.9,27.6,0.0
北京鹫峰国家森林公园,2026-06-04,05:25,20.7,82.4,29.5,0.0
北京鹫峰国家森林公园,2026-06-04,05:30,21.5,79.2,33.9,0.0
北京鹫峰国家森林公园,2026-06-04,05:35,20.3,85.6,28.0,0.0
北京鹫峰国家森林公园,2026-06-04,05:40,21.6,79.5,26.1,0.0
北京鹫峰国家森林公园,2026-06-04,05:45,21.7,84.2,36.1,0.0
北京鹫峰国家森林公园,2026-06-04,05:50,20.3,81.7,31.0,0.0
北京鹫峰国家森林公园,2026-06-04,05:55,21.6,84.5,33.4,0.0
北京鹫峰国家森林公园,2026-06-04,06:00,25.4,79.5,27.9,0
北京鹫峰国家森林公园,2026-06-04,06:05,25.4,85.2,34.7,1663.8
北京鹫峰国家森林公园,2026-06-04,06:10,24.8,81.4,32.2,2794.2
北京鹫峰国家森林公园,2026-06-04,06:15,25.5,84.3,29.1,5552.8
北京鹫峰国家森林公园,2026-06-04,06:20,24.6,80.8,30.2,4857.9
北京鹫峰国家森林公园,2026-06-04,06:25,25.4,78.3,36.9,8609.4
北京鹫峰国家森林公园,2026-06-04,06:30,25.6,83.4,33.2,9096.3
北京鹫峰国家森林公园,2026-06-04,06:35,25.1,82.0,35.3,8892.9
北京鹫峰国家森林公园,2026-06-04,06:40,24.4,84.6,33.2,13215.3
北京鹫峰国家森林公园,2026-06-04,06:45,25.9,81.0,33.9,15246.1
北京鹫峰国家森林公园,2026-06-04,06:50,24.6,78.0,32.0,16920.1
北京鹫峰国家森林公园,2026-06-04,06:55,24.8,81.2,31.5,19094.9
北京鹫峰国家森林公园,2026-06-04,07:00,26.2,69.8,42.3,21703.5
北京鹫峰国家森林公园,2026-06-04,07:05,25.9,69.6,42.4,19604.2
北京鹫峰国家森林公园,2026-06-04,07:10,24.5,74.5,46.5,17169.9
北京鹫峰国家森林公园,2026-06-04,07:15,24.6,69.3,46.9,23846.2
北京鹫峰国家森林公园,2026-06-04,07:20,26.0,69.5,53.1,23872.8
北京鹫峰国家森林公园,2026-06-04,07:25,24.7,77.6,49.4,21538.8
北京鹫峰国家森林公园,2026-06-04,07:30,24.6,76.7,48.7,31220.1
北京鹫峰国家森林公园,2026-06-04,07:35,26.1,72.5,52.3,25199.6
北京鹫峰国家森林公园,2026-06-04,07:40,26.3,69.1,47.2,34624.4
北京鹫峰国家森林公园,2026-06-04,07:45,24.1,70.0,49.5,29218.4
北京鹫峰国家森林公园,2026-06-04,07:50,24.7,69.6,47.9,29299.4
北京鹫峰国家森林公园,2026-06-04,07:55,26.3,75.7,40.4,38064.7
北京鹫峰国家森林公园,2026-06-04,08:00,25.0,76.1,52.8,29847.9
北京鹫峰国家森林公园,2026-06-04,08:05,26.1,71.0,50.3,29585.4
北京鹫峰国家森林公园,2026-06-04,08:10,24.4,68.4,48.4,34951.7
北京鹫峰国家森林公园,2026-06-04,08:15,25.1,71.4,49.2,37369.3
北京鹫峰国家森林公园,2026-06-04,08:20,26.0,75.8,41.7,41256.2
北京鹫峰国家森林公园,2026-06-04,08:25,25.5,72.3,50.4,48391.4
北京鹫峰国家森林公园,2026-06-04,08:30,26.1,71.8,52.8,40251.7
北京鹫峰国家森林公园,2026-06-04,08:35,25.9,74.2,48.0,44254.4
北京鹫峰国家森林公园,2026-06-04,08:40,25.1,72.5,46.2,51078.4
北京鹫峰国家森林公园,2026-06-04,08:45,24.4,69.4,49.3,48997.9
北京鹫峰国家森林公园,2026-06-04,08:50,26.4,70.6,43.5,38833.6
北京鹫峰国家森林公园,2026-06-04,08:55,25.8,74.8,44.1,42322.3
北京鹫峰国家森林公园,2026-06-04,09:00,25.2,67.8,41.9,56030.8
北京鹫峰国家森林公园,2026-06-04,09:05,25.0,74.1,25.9,51867.5
北京鹫峰国家森林公园,2026-06-04,09:10,24.8,72.6,28.4,44682.6
北京鹫峰国家森林公园,2026-06-04,09:15,24.6,70.2,27.0,53192.3
北京鹫峰国家森林公园,2026-06-04,09:20,25.8,68.9,29.2,53861.5
北京鹫峰国家森林公园,2026-06-04,09:25,25.4,69.8,28.1,53394.0
北京鹫峰国家森林公园,2026-06-04,09:30,24.5,73.4,32.4,67373.9
北京鹫峰国家森林公园,2026-06-04,09:35,26.2,68.9,27.4,63199.3
北京鹫峰国家森林公园,2026-06-04,09:40,25.3,69.4,37.7,57909.7
北京鹫峰国家森林公园,2026-06-04,09:45,26.1,69.4,31.7,58701.0
北京鹫峰国家森林公园,2026-06-04,09:50,25.2,70.5,29.6,65769.9
北京鹫峰国家森林公园,2026-06-04,09:55,25.9,67.4,25.7,56918.6
北京鹫峰国家森林公园,2026-06-04,10:00,26.7,67.4,32.6,54468.4
北京鹫峰国家森林公园,2026-06-04,10:05,25.7,72.5,27.0,56124.1
北京鹫峰国家森林公园,2026-06-04,10:10,25.1,72.4,33.0,62198.0
北京鹫峰国家森林公园,2026-06-04,10:15,25.3,69.0,34.0,64378.4
北京鹫峰国家森林公园,2026-06-04,10:20,24.8,71.5,31.4,66865.0
北京鹫峰国家森林公园,2026-06-04,10:25,24.8,73.5,27.6,57659.9
北京鹫峰国家森林公园,2026-06-04,10:30,25.7,70.0,32.6,65891.1
北京鹫峰国家森林公园,2026-06-04,10:35,26.4,73.7,35.9,58810.5
北京鹫峰国家森林公园,2026-06-04,10:40,25.2,72.8,30.2,55369.6
北京鹫峰国家森林公园,2026-06-04,10:45,25.5,69.2,34.8,69706.2
北京鹫峰国家森林公园,2026-06-04,10:50,26.0,74.0,29.9,67047.1
北京鹫峰国家森林公园,2026-06-04,10:55,25.0,72.9,36.3,67380.9
北京鹫峰国家森林公园,2026-06-04,11:00,24.8,66.4,36.7,81793.7
北京鹫峰国家森林公园,2026-06-04,11:05,25.2,72.7,33.1,69718.7
北京鹫峰国家森林公园,2026-06-04,11:10,24.8,74.2,38.8,71689.7
北京鹫峰国家森林公园,2026-06-04,11:15,25.7,71.6,29.7,61328.5
北京鹫峰国家森林公园,2026-06-04,11:20,25.3,73.4,37.2,64166.8
北京鹫峰国家森林公园,2026-06-04,11:25,25.4,71.5,33.9,64848.4
北京鹫峰国家森林公园,2026-06-04,11:30,27.0,69.8,30.0,71043.4
北京鹫峰国家森林公园,2026-06-04,11:35,24.9,72.1,37.5,70548.7
北京鹫峰国家森林公园,2026-06-04,11:40,27.0,67.6,37.5,74068.2
北京鹫峰国家森林公园,2026-06-04,11:45,26.8,69.4,28.8,80843.7
北京鹫峰国家森林公园,2026-06-04,11:50,25.0,64.9,37.5,63163.2
北京鹫峰国家森林公园,2026-06-04,11:55,26.3,66.4,37.5,65005.9
北京鹫峰国家森林公园,2026-06-04,12:00,25.8,68.3,38.5,71158.7
北京鹫峰国家森林公园,2026-06-04,12:05,24.9,72.2,28.4,61724.1
北京鹫峰国家森林公园,2026-06-04,12:10,25.9,67.0,30.5,60906.6
北京鹫峰国家森林公园,2026-06-04,12:15,25.8,65.2,34.2,77763.4
北京鹫峰国家森林公园,2026-06-04,12:20,25.1,64.4,36.4,63384.3
北京鹫峰国家森林公园,2026-06-04,12:25,26.7,72.2,39.1,77168.6
北京鹫峰国家森林公园,2026-06-04,12:30,27.1,68.0,32.6,62625.6
北京鹫峰国家森林公园,2026-06-04,12:35,26.5,69.1,27.2,73275.9
北京鹫峰国家森林公园,2026-06-04,12:40,26.2,68.5,26.1,74438.0
北京鹫峰国家森林公园,2026-06-04,12:45,25.4,65.7,28.6,69441.7
北京鹫峰国家森林公园,2026-06-04,12:50,25.3,67.7,30.5,57759.7
北京鹫峰国家森林公园,2026-06-04,12:55,27.0,71.6,36.5,56486.1
北京鹫峰国家森林公园,2026-06-04,13:00,26.7,64.1,28.9,67632.5
北京鹫峰国家森林公园,2026-06-04,13:05,26.9,67.7,27.8,56975.3
北京鹫峰国家森林公园,2026-06-04,13:10,26.8,69.3,26.2,55911.8
北京鹫峰国家森林公园,2026-06-04,13:15,26.2,66.6,37.6,60053.6
北京鹫峰国家森林公园,2026-06-04,13:20,26.8,66.4,33.5,74409.7
北京鹫峰国家森林公园,2026-06-04,13:25,27.1,63.9,27.2,60255.1
北京鹫峰国家森林公园,2026-06-04,13:30,27.1,63.9,29.1,58132.7
北京鹫峰国家森林公园,2026-06-04,13:35,25.7,66.2,25.9,64119.1
北京鹫峰国家森林公园,2026-06-04,13:40,26.8,67.6,35.7,55940.8
北京鹫峰国家森林公园,2026-06-04,13:45,26.8,70.2,30.3,76101.6
北京鹫峰国家森林公园,2026-06-04,13:50,27.3,64.6,36.4,50379.4
北京鹫峰国家森林公园,2026-06-04,13:55,25.4,67.3,31.8,59323.2
北京鹫峰国家森林公园,2026-06-04,14:00,26.6,66.7,35.1,67373.5
北京鹫峰国家森林公园,2026-06-04,14:05,27.2,62.8,37.0,67035.4
北京鹫峰国家森林公园,2026-06-04,14:10,26.1,70.1,27.7,50789.0
北京鹫峰国家森林公园,2026-06-04,14:15,26.4,66.6,28.0,49872.5
北京鹫峰国家森林公园,2026-06-04,14:20,27.0,69.7,39.1,58503.9
北京鹫峰国家森林公园,2026-06-04,14:25,26.8,69.1,36.1,55042.5
北京鹫峰国家森林公园,2026-06-04,14:30,27.3,71.3,26.5,50508.8
北京鹫峰国家森林公园,2026-06-04,14:35,26.1,64.6,26.1,58094.0
北京鹫峰国家森林公园,2026-06-04,14:40,25.4,65.7,38.9,45235.4
北京鹫峰国家森林公园,2026-06-04,14:45,25.9,63.8,35.2,62387.9
北京鹫峰国家森林公园,2026-06-04,14:50,27.1,70.1,33.5,53852.9
北京鹫峰国家森林公园,2026-06-04,14:55,26.4,65.0,34.6,51025.8
北京鹫峰国家森林公园,2026-06-04,15:00,26.9,64.2,36.7,59371.2
北京鹫峰国家森林公园,2026-06-04,15:05,26.3,70.7,34.2,54900.2
北京鹫峰国家森林公园,2026-06-04,15:10,25.7,64.5,33.5,44945.1
北京鹫峰国家森林公园,2026-06-04,15:15,26.9,62.9,33.6,49341.7
北京鹫峰国家森林公园,2026-06-04,15:20,27.1,68.5,28.3,36460.7
北京鹫峰国家森林公园,2026-06-04,15:25,26.8,62.5,27.3,52116.8
北京鹫峰国家森林公园,2026-06-04,15:30,27.3,65.3,36.8,42646.4
北京鹫峰国家森林公园,2026-06-04,15:35,25.8,70.3,35.0,35194.7
北京鹫峰国家森林公园,2026-06-04,15:40,26.3,70.1,28.7,45987.3
北京鹫峰国家森林公园,2026-06-04,15:45,27.5,62.1,37.9,44192.3
北京鹫峰国家森林公园,2026-06-04,15:50,25.8,61.9,39.4,33935.6
北京鹫峰国家森林公园,2026-06-04,15:55,25.9,69.9,33.3,36250.1
北京鹫峰国家森林公园,2026-06-04,16:00,27.4,66.7,37.0,33676.3
北京鹫峰国家森林公园,2026-06-04,16:05,25.4,68.8,37.5,34492.7
北京鹫峰国家森林公园,2026-06-04,16:10,25.8,68.5,33.3,26387.3
北京鹫峰国家森林公园,2026-06-04,16:15,26.2,64.5,39.3,36553.5
北京鹫峰国家森林公园,2026-06-04,16:20,26.3,68.4,37.0,31129.8
北京鹫峰国家森林公园,2026-06-04,16:25,25.4,68.9,39.5,25400.3
北京鹫峰国家森林公园,2026-06-04,16:30,25.5,62.7,26.1,27938.2
北京鹫峰国家森林公园,2026-06-04,16:35,26.8,66.0,32.8,21246.7
北京鹫峰国家森林公园,2026-06-04,16:40,25.4,65.6,29.0,24806.9
北京鹫峰国家森林公园,2026-06-04,16:45,27.0,66.8,30.6,25555.5
北京鹫峰国家森林公园,2026-06-04,16:50,25.8,69.8,27.2,25203.2
北京鹫峰国家森林公园,2026-06-04,16:55,26.1,66.5,34.0,22163.9
北京鹫峰国家森林公园,2026-06-04,17:00,25.2,66.4,36.6,16128.0
北京鹫峰国家森林公园,2026-06-04,17:05,26.9,65.0,31.6,15256.2
北京鹫峰国家森林公园,2026-06-04,17:10,25.3,71.0,36.8,12967.3
北京鹫峰国家森林公园,2026-06-04,17:15,26.0,67.2,25.9,14656.4
北京鹫峰国家森林公园,2026-06-04,17:20,26.2,68.2,27.3,10721.7
北京鹫峰国家森林公园,2026-06-04,17:25,25.6,65.1,38.5,12146.3
北京鹫峰国家森林公园,2026-06-04,17:30,26.9,64.9,30.9,10257.0
北京鹫峰国家森林公园,2026-06-04,17:35,26.3,71.0,35.0,6620.8
北京鹫峰国家森林公园,2026-06-04,17:40,25.4,65.0,28.2,6571.6
北京鹫峰国家森林公园,2026-06-04,17:45,26.0,63.4,29.4,4300.0
北京鹫峰国家森林公园,2026-06-04,17:50,26.2,72.1,36.6,2892.5
北京鹫峰国家森林公园,2026-06-04,17:55,25.3,68.5,28.4,1510.7
北京鹫峰国家森林公园,2026-06-04,18:00,25.4,67.7,37.6,0.0
北京鹫峰国家森林公园,2026-06-04,18:05,25.9,70.3,47.8,0.0
北京鹫峰国家森林公园,2026-06-04,18:10,25.0,68.8,47.0,0.0
北京鹫峰国家森林公园,2026-06-04,18:15,25.0,70.1,47.1,0.0
北京鹫峰国家森林公园,2026-06-04,18:20,25.6,65.4,44.2,0.0
北京鹫峰国家森林公园,2026-06-04,18:25,26.5,72.3,45.0,0.0
北京鹫峰国家森林公园,2026-06-04,18:30,26.2,69.6,37.2,0.0
北京鹫峰国家森林公园,2026-06-04,18:35,25.1,68.9,43.5,0.0
北京鹫峰国家森林公园,2026-06-04,18:40,26.2,66.5,39.1,0.0
北京鹫峰国家森林公园,2026-06-04,18:45,24.9,66.5,39.1,0.0
北京鹫峰国家森林公园,2026-06-04,18:50,26.4,65.5,44.2,0.0
北京鹫峰国家森林公园,2026-06-04,18:55,25.6,68.2,38.7,0.0
北京鹫峰国家森林公园,2026-06-04,19:00,25.9,71.5,46.8,0.0
北京鹫峰国家森林公园,2026-06-04,19:05,24.7,73.4,42.3,0.0
北京鹫峰国家森林公园,2026-06-04,19:10,26.1,68.6,44.7,0.0
北京鹫峰国家森林公园,2026-06-04,19:15,24.8,68.1,50.6,0.0
北京鹫峰国家森林公园,2026-06-04,19:20,24.8,73.7,37.3,0.0
北京鹫峰国家森林公园,2026-06-04,19:25,24.6,67.4,37.4,0.0
北京鹫峰国家森林公园,2026-06-04,19:30,24.7,71.5,46.2,0.0
北京鹫峰国家森林公园,2026-06-04,19:35,25.0,72.0,36.7,0.0
北京鹫峰国家森林公园,2026-06-04,19:40,24.7,66.5,48.3,0.0
北京鹫峰国家森林公园,2026-06-04,19:45,24.9,72.5,45.3,0.0
北京鹫峰国家森林公园,2026-06-04,19:50,26.0,73.5,45.5,0.0
北京鹫峰国家森林公园,2026-06-04,19:55,25.5,66.8,50.0,0.0
北京鹫峰国家森林公园,2026-06-04,20:00,24.4,67.4,44.9,0.0
北京鹫峰国家森林公园,2026-06-04,20:05,25.6,74.7,38.3,0.0
北京鹫峰国家森林公园,2026-06-04,20:10,25.1,75.0,38.1,0.0
北京鹫峰国家森林公园,2026-06-04,20:15,26.1,74.9,42.3,0.0
北京鹫峰国家森林公园,2026-06-04,20:20,24.5,71.8,38.2,0.0
北京鹫峰国家森林公园,2026-06-04,20:25,25.1,68.0,38.9,0.0
北京鹫峰国家森林公园,2026-06-04,20:30,26.3,71.1,47.4,0.0
北京鹫峰国家森林公园,2026-06-04,20:35,25.2,71.8,48.9,0.0
北京鹫峰国家森林公园,2026-06-04,20:40,25.2,71.7,50.2,0.0
北京鹫峰国家森林公园,2026-06-04,20:45,25.5,71.8,37.8,0.0
北京鹫峰国家森林公园,2026-06-04,20:50,24.6,68.4,42.2,0.0
北京鹫峰国家森林公园,2026-06-04,20:55,24.7,69.8,43.5,0.0
北京鹫峰国家森林公园,2026-06-04,21:00,25.7,68.9,44.4,0.0
北京鹫峰国家森林公园,2026-06-04,21:05,24.6,71.7,36.1,0.0
北京鹫峰国家森林公园,2026-06-04,21:10,25.7,70.2,27.0,0.0
北京鹫峰国家森林公园,2026-06-04,21:15,25.3,76.1,37.4,0.0
北京鹫峰国家森林公园,2026-06-04,21:20,24.2,71.5,29.9,0.0
北京鹫峰国家森林公园,2026-06-04,21:25,25.8,73.1,27.9,0.0
北京鹫峰国家森林公园,2026-06-04,21:30,23.8,76.2,33.2,0.0
北京鹫峰国家森林公园,2026-06-04,21:35,25.1,72.6,28.2,0.0
北京鹫峰国家森林公园,2026-06-04,21:40,25.2,68.6,26.7,0.0
北京鹫峰国家森林公园,2026-06-04,21:45,24.4,69.3,39.5,0.0
北京鹫峰国家森林公园,2026-06-04,21:50,23.8,77.1,27.4,0.0
北京鹫峰国家森林公园,2026-06-04,21:55,25.0,75.5,31.3,0.0
北京鹫峰国家森林公园,2026-06-04,22:00,24.6,71.5,30.4,0.0
北京鹫峰国家森林公园,2026-06-04,22:05,24.0,75.8,26.0,0.0
北京鹫峰国家森林公园,2026-06-04,22:10,24.9,76.9,34.7,0.0
北京鹫峰国家森林公园,2026-06-04,22:15,23.8,73.0,28.3,0.0
北京鹫峰国家森林公园,2026-06-04,22:20,24.0,78.2,31.6,0.0
北京鹫峰国家森林公园,2026-06-04,22:25,24.0,69.6,28.2,0.0
北京鹫峰国家森林公园,2026-06-04,22:30,23.8,78.4,37.1,0.0
北京鹫峰国家森林公园,2026-06-04,22:35,25.2,77.0,30.3,0.0
北京鹫峰国家森林公园,2026-06-04,22:40,23.9,75.0,28.6,0.0
北京鹫峰国家森林公园,2026-06-04,22:45,25.0,73.6,33.5,0.0
北京鹫峰国家森林公园,2026-06-04,22:50,24.6,71.2,32.4,0.0
北京鹫峰国家森林公园,2026-06-04,22:55,24.5,73.0,26.7,0.0
北京鹫峰国家森林公园,2026-06-04,23:00,23.7,70.8,29.6,0.0
北京鹫峰国家森林公园,2026-06-04,23:05,24.0,70.5,39.5,0.0
北京鹫峰国家森林公园,2026-06-04,23:10,25.0,70.7,34.0,0.0
北京鹫峰国家森林公园,2026-06-04,23:15,24.5,73.9,36.7,0.0
北京鹫峰国家森林公园,2026-06-04,23:20,23.7,76.3,38.3,0.0
北京鹫峰国家森林公园,2026-06-04,23:25,25.1,74.1,29.3,0.0
北京鹫峰国家森林公园,2026-06-04,23:30,25.4,76.1,28.6,0.0
北京鹫峰国家森林公园,2026-06-04,23:35,24.7,77.2,35.1,0.0
北京鹫峰国家森林公园,2026-06-04,23:40,24.9,72.8,32.5,0.0
北京鹫峰国家森林公园,2026-06-04,23:45,25.0,77.9,32.8,0.0
北京鹫峰国家森林公园,2026-06-04,23:50,25.2,77.4,28.7,0.0
北京鹫峰国家森林公园,2026-06-04,23:55,23.7,74.6,26.4,0.0
北京鹫峰国家森林公园,2026-06-05,00:00,20.5,83.8,39.7,0.0
北京鹫峰国家森林公园,2026-06-05,00:05,20.9,76.5,34.2,0.0
北京鹫峰国家森林公园,2026-06-05,00:10,20.5,78.8,29.3,0.0
北京鹫峰国家森林公园,2026-06-05,00:15,20.9,84.4,34.9,0.0
北京鹫峰国家森林公园,2026-06-05,00:20,20.6,77.1,29.1,0.0
北京鹫峰国家森林公园,2026-06-05,00:25,20.7,78.8,39.4,0.0
北京鹫峰国家森林公园,2026-06-05,00:30,21.4,82.8,39.3,0.0
北京鹫峰国家森林公园,2026-06-05,00:35,21.8,82.6,28.9,0.0
北京鹫峰国家森林公园,2026-06-05,00:40,21.0,83.0,39.6,0.0
北京鹫峰国家森林公园,2026-06-05,00:45,20.5,76.4,38.9,0.0
北京鹫峰国家森林公园,2026-06-05,00:50,21.6,80.7,37.5,0.0
北京鹫峰国家森林公园,2026-06-05,00:55,21.0,83.9,28.2,0.0
北京鹫峰国家森林公园,2026-06-05,01:00,20.5,76.9,34.6,0.0
北京鹫峰国家森林公园,2026-06-05,01:05,20.5,78.8,35.7,0.0
北京鹫峰国家森林公园,2026-06-05,01:10,21.3,79.6,40.3,0.0
北京鹫峰国家森林公园,2026-06-05,01:15,22.3,78.9,30.2,0.0
北京鹫峰国家森林公园,2026-06-05,01:20,22.3,78.9,40.7,0.0
北京鹫峰国家森林公园,2026-06-05,01:25,21.5,76.0,27.7,0.0
北京鹫峰国家森林公园,2026-06-05,01:30,21.5,82.9,39.3,0.0
北京鹫峰国家森林公园,2026-06-05,01:35,21.0,79.3,33.1,0.0
北京鹫峰国家森林公园,2026-06-05,01:40,22.2,79.5,37.1,0.0
北京鹫峰国家森林公园,2026-06-05,01:45,22.4,77.0,30.5,0.0
北京鹫峰国家森林公园,2026-06-05,01:50,22.0,77.9,40.6,0.0
北京鹫峰国家森林公园,2026-06-05,01:55,20.7,82.3,28.5,0.0
北京鹫峰国家森林公园,2026-06-05,02:00,21.1,84.7,30.8,0.0
北京鹫峰国家森林公园,2026-06-05,02:05,22.2,77.4,40.7,0.0
北京鹫峰国家森林公园,2026-06-05,02:10,21.8,76.9,31.8,0.0
北京鹫峰国家森林公园,2026-06-05,02:15,21.1,76.4,30.2,0.0
北京鹫峰国家森林公园,2026-06-05,02:20,20.3,81.0,33.3,0.0
北京鹫峰国家森林公园,2026-06-05,02:25,21.3,76.9,31.8,0.0
北京鹫峰国家森林公园,2026-06-05,02:30,22.4,82.1,40.8,0.0
北京鹫峰国家森林公园,2026-06-05,02:35,21.5,77.7,36.7,0.0
北京鹫峰国家森林公园,2026-06-05,02:40,20.4,83.1,30.4,0.0
北京鹫峰国家森林公园,2026-06-05,02:45,20.6,78.5,33.9,0.0
北京鹫峰国家森林公园,2026-06-05,02:50,20.5,81.9,35.2,0.0
北京鹫峰国家森林公园,2026-06-05,02:55,21.7,77.7,39.1,0.0
北京鹫峰国家森林公园,2026-06-05,03:00,20.5,77.3,29.7,0.0
北京鹫峰国家森林公园,2026-06-05,03:05,21.3,77.4,27.5,0.0
北京鹫峰国家森林公园,2026-06-05,03:10,22.3,79.4,36.7,0.0
北京鹫峰国家森林公园,2026-06-05,03:15,20.6,77.0,31.4,0.0
北京鹫峰国家森林公园,2026-06-05,03:20,20.5,83.6,30.7,0.0
北京鹫峰国家森林公园,2026-06-05,03:25,20.3,80.7,40.8,0.0
北京鹫峰国家森林公园,2026-06-05,03:30,21.1,83.9,37.7,0.0
北京鹫峰国家森林公园,2026-06-05,03:35,20.5,80.6,32.5,0.0
北京鹫峰国家森林公园,2026-06-05,03:40,22.1,77.4,29.5,0.0
北京鹫峰国家森林公园,2026-06-05,03:45,21.4,78.9,28.6,0.0
北京鹫峰国家森林公园,2026-06-05,03:50,22.3,82.5,27.7,0.0
北京鹫峰国家森林公园,2026-06-05,03:55,21.9,82.5,29.0,0.0
北京鹫峰国家森林公园,2026-06-05,04:00,21.6,80.3,32.0,0.0
北京鹫峰国家森林公园,2026-06-05,04:05,20.5,79.0,30.0,0.0
北京鹫峰国家森林公园,2026-06-05,04:10,20.8,76.0,33.6,0.0
北京鹫峰国家森林公园,2026-06-05,04:15,21.7,79.4,28.9,0.0
北京鹫峰国家森林公园,2026-06-05,04:20,20.5,81.9,36.6,0.0
北京鹫峰国家森林公园,2026-06-05,04:25,21.8,76.9,37.6,0.0
北京鹫峰国家森林公园,2026-06-05,04:30,21.8,81.8,38.7,0.0
北京鹫峰国家森林公园,2026-06-05,04:35,22.1,78.6,40.1,0.0
北京鹫峰国家森林公园,2026-06-05,04:40,20.6,79.2,37.8,0.0
北京鹫峰国家森林公园,2026-06-05,04:45,21.7,84.9,32.3,0.0
北京鹫峰国家森林公园,2026-06-05,04:50,21.4,80.0,39.3,0.0
北京鹫峰国家森林公园,2026-06-05,04:55,20.4,78.9,36.8,0.0
北京鹫峰国家森林公园,2026-06-05,05:00,22.1,76.4,31.7,0.0
北京鹫峰国家森林公园,2026-06-05,05:05,21.5,76.7,30.5,0.0
北京鹫峰国家森林公园,2026-06-05,05:10,22.2,79.9,31.6,0.0
北京鹫峰国家森林公园,2026-06-05,05:15,21.5,76.1,35.0,0.0
北京鹫峰国家森林公园,2026-06-05,05:20,22.3,80.1,37.6,0.0
北京鹫峰国家森林公园,2026-06-05,05:25,21.8,82.1,29.4,0.0
北京鹫峰国家森林公园,2026-06-05,05:30,21.4,77.8,37.0,0.0
北京鹫峰国家森林公园,2026-06-05,05:35,20.4,76.0,40.7,0.0
北京鹫峰国家森林公园,2026-06-05,05:40,20.6,84.6,33.2,0.0
北京鹫峰国家森林公园,2026-06-05,05:45,20.4,76.2,39.6,0.0
北京鹫峰国家森林公园,2026-06-05,05:50,20.8,77.7,30.5,0.0
北京鹫峰国家森林公园,2026-06-05,05:55,20.4,83.2,29.7,0.0
北京鹫峰国家森林公园,2026-06-05,06:00,25.3,84.5,31.0,0
北京鹫峰国家森林公园,2026-06-05,06:05,25.4,78.4,34.9,1491.2
北京鹫峰国家森林公园,2026-06-05,06:10,25.8,81.1,28.4,2425.9
北京鹫峰国家森林公园,2026-06-05,06:15,24.3,83.4,39.4,5509.7
北京鹫峰国家森林公园,2026-06-05,06:20,24.7,77.0,32.8,5178.1
北京鹫峰国家森林公园,2026-06-05,06:25,26.5,79.5,31.1,7638.0
北京鹫峰国家森林公园,2026-06-05,06:30,26.2,80.0,36.1,8807.2
北京鹫峰国家森林公园,2026-06-05,06:35,25.9,83.7,37.7,10267.5
北京鹫峰国家森林公园,2026-06-05,06:40,26.2,80.5,39.8,12745.3
北京鹫峰国家森林公园,2026-06-05,06:45,26.1,78.4,41.3,12906.6
北京鹫峰国家森林公园,2026-06-05,06:50,24.6,81.8,29.9,18155.6
北京鹫峰国家森林公园,2026-06-05,06:55,25.1,84.4,40.2,19193.1
北京鹫峰国家森林公园,2026-06-05,07:00,26.4,72.7,54.0,16208.6
北京鹫峰国家森林公园,2026-06-05,07:05,25.5,75.9,42.2,20447.7
北京鹫峰国家森林公园,2026-06-05,07:10,25.4,72.9,53.3,18642.1
北京鹫峰国家森林公园,2026-06-05,07:15,25.5,75.1,49.1,25155.6
北京鹫峰国家森林公园,2026-06-05,07:20,25.1,69.9,47.3,25252.8
北京鹫峰国家森林公园,2026-06-05,07:25,25.7,68.7,53.7,22990.4
北京鹫峰国家森林公园,2026-06-05,07:30,25.8,75.5,43.6,23851.7
北京鹫峰国家森林公园,2026-06-05,07:35,25.7,74.5,51.7,30653.5
北京鹫峰国家森林公园,2026-06-05,07:40,25.4,75.1,47.8,34709.5
北京鹫峰国家森林公园,2026-06-05,07:45,25.9,72.2,46.0,26700.3
北京鹫峰国家森林公园,2026-06-05,07:50,25.2,71.5,42.0,32153.8
北京鹫峰国家森林公园,2026-06-05,07:55,26.1,75.5,48.6,29289.0
北京鹫峰国家森林公园,2026-06-05,08:00,25.4,71.0,43.1,41587.6
北京鹫峰国家森林公园,2026-06-05,08:05,25.2,70.9,48.1,31650.8
北京鹫峰国家森林公园,2026-06-05,08:10,26.5,73.4,54.5,35726.8
北京鹫峰国家森林公园,2026-06-05,08:15,25.5,71.5,51.4,36728.7
北京鹫峰国家森林公园,2026-06-05,08:20,26.0,71.5,44.9,48088.2
北京鹫峰国家森林公园,2026-06-05,08:25,25.7,67.3,50.4,42242.7
北京鹫峰国家森林公园,2026-06-05,08:30,25.5,74.3,52.0,35929.8
北京鹫峰国家森林公园,2026-06-05,08:35,24.9,68.8,49.2,45761.1
北京鹫峰国家森林公园,2026-06-05,08:40,24.9,67.0,47.6,40081.2
北京鹫峰国家森林公园,2026-06-05,08:45,26.6,74.5,51.0,55412.1
北京鹫峰国家森林公园,2026-06-05,08:50,25.3,74.2,54.4,39450.3
北京鹫峰国家森林公园,2026-06-05,08:55,25.7,69.5,44.1,38377.1
北京鹫峰国家森林公园,2026-06-05,09:00,25.1,69.1,48.5,58688.0
北京鹫峰国家森林公园,2026-06-05,09:05,26.0,70.4,36.2,43004.8
北京鹫峰国家森林公园,2026-06-05,09:10,26.1,74.3,37.4,55308.3
北京鹫峰国家森林公园,2026-06-05,09:15,26.7,69.2,29.4,50287.2
北京鹫峰国家森林公园,2026-06-05,09:20,27.0,71.5,40.5,52798.8
北京鹫峰国家森林公园,2026-06-05,09:25,26.7,69.6,30.8,46701.9
北京鹫峰国家森林公园,2026-06-05,09:30,26.0,68.1,29.6,55789.6
北京鹫峰国家森林公园,2026-06-05,09:35,25.7,69.9,30.2,64825.8
北京鹫峰国家森林公园,2026-06-05,09:40,25.1,72.8,36.4,64421.3
北京鹫峰国家森林公园,2026-06-05,09:45,25.6,71.1,32.0,60309.8
北京鹫峰国家森林公园,2026-06-05,09:50,25.8,70.3,35.6,55719.3
北京鹫峰国家森林公园,2026-06-05,09:55,27.0,73.9,33.1,57938.0
北京鹫峰国家森林公园,2026-06-05,10:00,27.0,71.9,32.1,67584.8
北京鹫峰国家森林公园,2026-06-05,10:05,26.4,73.8,33.1,63254.0
北京鹫峰国家森林公园,2026-06-05,10:10,25.4,72.5,28.2,61683.9
北京鹫峰国家森林公园,2026-06-05,10:15,25.4,67.0,32.1,60495.3
北京鹫峰国家森林公园,2026-06-05,10:20,25.3,65.6,27.5,66696.2
北京鹫峰国家森林公园,2026-06-05,10:25,27.0,67.0,27.5,60215.0
北京鹫峰国家森林公园,2026-06-05,10:30,27.0,66.3,40.1,64748.5
北京鹫峰国家森林公园,2026-06-05,10:35,25.9,65.9,36.0,55406.3
北京鹫峰国家森林公园,2026-06-05,10:40,25.5,66.0,31.7,60043.6
北京鹫峰国家森林公园,2026-06-05,10:45,26.7,69.8,35.9,60502.2
北京鹫峰国家森林公园,2026-06-05,10:50,26.8,70.3,29.5,79887.5
北京鹫峰国家森林公园,2026-06-05,10:55,26.3,67.9,41.0,54836.2
北京鹫峰国家森林公园,2026-06-05,11:00,26.5,68.5,38.8,76075.1
北京鹫峰国家森林公园,2026-06-05,11:05,26.2,70.1,27.9,60952.6
北京鹫峰国家森林公园,2026-06-05,11:10,25.3,65.6,35.3,56774.1
北京鹫峰国家森林公园,2026-06-05,11:15,26.7,67.1,31.6,77850.9
北京鹫峰国家森林公园,2026-06-05,11:20,25.7,69.8,27.4,58627.1
北京鹫峰国家森林公园,2026-06-05,11:25,25.6,67.4,32.7,78992.8
北京鹫峰国家森林公园,2026-06-05,11:30,26.5,68.0,36.4,58407.3
北京鹫峰国家森林公园,2026-06-05,11:35,27.3,69.2,28.8,72158.3
北京鹫峰国家森林公园,2026-06-05,11:40,27.1,65.2,27.8,62894.3
北京鹫峰国家森林公园,2026-06-05,11:45,27.2,69.6,29.2,62384.9
北京鹫峰国家森林公园,2026-06-05,11:50,25.5,69.1,38.9,57539.7
北京鹫峰国家森林公园,2026-06-05,11:55,27.3,64.4,28.5,76480.7
北京鹫峰国家森林公园,2026-06-05,12:00,26.5,68.5,29.7,64571.6
北京鹫峰国家森林公园,2026-06-05,12:05,26.8,68.5,37.9,80920.8
北京鹫峰国家森林公园,2026-06-05,12:10,25.4,71.7,36.9,63195.8
北京鹫峰国家森林公园,2026-06-05,12:15,26.4,64.6,39.1,73494.3
北京鹫峰国家森林公园,2026-06-05,12:20,27.0,70.1,28.5,65349.2
北京鹫峰国家森林公园,2026-06-05,12:25,27.6,71.1,33.9,56765.0
北京鹫峰国家森林公园,2026-06-05,12:30,26.4,66.9,39.5,61091.3
北京鹫峰国家森林公园,2026-06-05,12:35,27.4,65.6,41.0,71741.2
北京鹫峰国家森林公园,2026-06-05,12:40,27.4,63.1,32.8,64476.3
北京鹫峰国家森林公园,2026-06-05,12:45,27.5,71.7,31.8,58382.0
北京鹫峰国家森林公园,2026-06-05,12:50,25.8,71.0,37.8,64479.8
北京鹫峰国家森林公园,2026-06-05,12:55,27.6,64.8,32.8,66085.9
北京鹫峰国家森林公园,2026-06-05,13:00,27.0,65.6,33.7,70009.4
北京鹫峰国家森林公园,2026-06-05,13:05,27.3,68.6,29.4,66145.9
北京鹫峰国家森林公园,2026-06-05,13:10,27.4,66.7,34.7,76691.8
北京鹫峰国家森林公园,2026-06-05,13:15,26.1,62.5,33.5,76059.4
北京鹫峰国家森林公园,2026-06-05,13:20,25.7,67.9,40.4,56576.8
北京鹫峰国家森林公园,2026-06-05,13:25,26.1,70.8,31.6,53283.2
北京鹫峰国家森林公园,2026-06-05,13:30,25.7,69.9,31.3,67106.6
北京鹫峰国家森林公园,2026-06-05,13:35,27.0,66.5,38.6,50700.1
北京鹫峰国家森林公园,2026-06-05,13:40,26.7,62.6,41.2,53243.0
北京鹫峰国家森林公园,2026-06-05,13:45,26.8,70.0,41.4,52637.8
北京鹫峰国家森林公园,2026-06-05,13:50,26.7,62.6,29.9,61193.5
北京鹫峰国家森林公园,2026-06-05,13:55,27.9,65.0,38.7,62349.5
北京鹫峰国家森林公园,2026-06-05,14:00,27.2,62.9,33.0,52469.5
北京鹫峰国家森林公园,2026-06-05,14:05,27.3,64.7,35.1,52271.5
北京鹫峰国家森林公园,2026-06-05,14:10,26.5,63.9,28.6,46664.9
北京鹫峰国家森林公园,2026-06-05,14:15,26.0,61.9,37.5,54542.0
北京鹫峰国家森林公园,2026-06-05,14:20,26.5,69.5,36.9,45492.7
北京鹫峰国家森林公园,2026-06-05,14:25,27.1,65.2,37.6,47711.8
北京鹫峰国家森林公园,2026-06-05,14:30,26.2,67.8,37.6,52509.3
北京鹫峰国家森林公园,2026-06-05,14:35,26.5,62.4,35.2,62696.9
北京鹫峰国家森林公园,2026-06-05,14:40,27.7,63.8,37.8,50365.0
北京鹫峰国家森林公园,2026-06-05,14:45,25.9,64.1,28.1,50365.6
北京鹫峰国家森林公园,2026-06-05,14:50,26.2,62.3,40.9,53419.5
北京鹫峰国家森林公园,2026-06-05,14:55,27.1,62.7,34.4,40526.1
北京鹫峰国家森林公园,2026-06-05,15:00,25.9,68.4,37.7,46453.4
北京鹫峰国家森林公园,2026-06-05,15:05,26.1,61.1,38.5,47803.7
北京鹫峰国家森林公园,2026-06-05,15:10,26.5,68.6,31.7,47681.5
北京鹫峰国家森林公园,2026-06-05,15:15,26.9,63.5,33.0,51832.1
北京鹫峰国家森林公园,2026-06-05,15:20,27.9,67.2,27.8,35602.3
北京鹫峰国家森林公园,2026-06-05,15:25,26.9,65.2,32.9,36109.9
北京鹫峰国家森林公园,2026-06-05,15:30,26.7,62.1,35.7,42767.4
北京鹫峰国家森林公园,2026-06-05,15:35,27.6,61.2,38.0,36064.4
北京鹫峰国家森林公园,2026-06-05,15:40,26.6,61.3,38.1,45102.9
北京鹫峰国家森林公园,2026-06-05,15:45,27.1,64.5,29.5,45267.7
北京鹫峰国家森林公园,2026-06-05,15:50,26.2,65.4,41.2,44707.9
北京鹫峰国家森林公园,2026-06-05,15:55,26.7,60.1,32.1,33909.7
北京鹫峰国家森林公园,2026-06-05,16:00,27.0,61.1,38.5,33341.4
北京鹫峰国家森林公园,2026-06-05,16:05,26.7,61.9,31.0,28983.3
北京鹫峰国家森林公园,2026-06-05,16:10,26.0,64.4,36.8,27167.7
北京鹫峰国家森林公园,2026-06-05,16:15,26.3,65.5,36.3,37228.8
北京鹫峰国家森林公园,2026-06-05,16:20,27.4,63.3,40.3,28199.2
北京鹫峰国家森林公园,2026-06-05,16:25,27.7,68.2,30.1,30543.9
北京鹫峰国家森林公园,2026-06-05,16:30,26.5,65.5,39.5,23828.1
北京鹫峰国家森林公园,2026-06-05,16:35,26.8,65.0,35.6,28219.6
北京鹫峰国家森林公园,2026-06-05,16:40,26.2,67.4,40.6,28489.0
北京鹫峰国家森林公园,2026-06-05,16:45,26.5,65.1,29.4,27224.4
北京鹫峰国家森林公园,2026-06-05,16:50,27.3,67.1,36.8,22909.7
北京鹫峰国家森林公园,2026-06-05,16:55,27.0,68.9,32.2,17051.3
北京鹫峰国家森林公园,2026-06-05,17:00,26.9,61.4,35.7,16320.0
北京鹫峰国家森林公园,2026-06-05,17:05,26.7,65.2,38.4,13904.7
北京鹫峰国家森林公园,2026-06-05,17:10,26.7,65.0,29.8,14094.9
北京鹫峰国家森林公园,2026-06-05,17:15,26.2,66.9,28.6,12632.7
北京鹫峰国家森林公园,2026-06-05,17:20,27.3,67.9,27.5,12402.9
北京鹫峰国家森林公园,2026-06-05,17:25,26.9,70.4,31.9,11961.4
北京鹫峰国家森林公园,2026-06-05,17:30,25.3,70.0,38.9,7466.5
北京鹫峰国家森林公园,2026-06-05,17:35,26.4,69.1,35.9,7427.4
北京鹫峰国家森林公园,2026-06-05,17:40,26.2,69.1,29.6,6965.5
北京鹫峰国家森林公园,2026-06-05,17:45,26.8,71.0,39.7,3842.5
北京鹫峰国家森林公园,2026-06-05,17:50,26.9,64.2,34.2,2503.4
北京鹫峰国家森林公园,2026-06-05,17:55,26.4,64.2,29.1,1556.5
北京鹫峰国家森林公园,2026-06-05,18:00,26.0,69.4,51.7,0.0
北京鹫峰国家森林公园,2026-06-05,18:05,25.7,67.2,47.1,0.0
北京鹫峰国家森林公园,2026-06-05,18:10,25.5,65.2,41.8,0.0
北京鹫峰国家森林公园,2026-06-05,18:15,25.1,65.2,38.8,0.0
北京鹫峰国家森林公园,2026-06-05,18:20,25.3,67.5,42.3,0.0
北京鹫峰国家森林公园,2026-06-05,18:25,26.2,70.8,42.0,0.0
北京鹫峰国家森林公园,2026-06-05,18:30,27.2,68.9,49.8,0.0
北京鹫峰国家森林公园,2026-06-05,18:35,26.1,71.7,39.3,0.0
北京鹫峰国家森林公园,2026-06-05,18:40,26.0,65.1,50.9,0.0
北京鹫峰国家森林公园,2026-06-05,18:45,26.9,66.6,42.8,0.0
北京鹫峰国家森林公园,2026-06-05,18:50,25.7,65.5,50.5,0.0
北京鹫峰国家森林公园,2026-06-05,18:55,25.7,72.1,40.4,0.0
北京鹫峰国家森林公园,2026-06-05,19:00,25.5,67.3,44.7,0.0
北京鹫峰国家森林公园,2026-06-05,19:05,25.3,69.5,45.1,0.0
北京鹫峰国家森林公园,2026-06-05,19:10,25.3,71.8,48.3,0.0
北京鹫峰国家森林公园,2026-06-05,19:15,26.0,65.2,48.0,0.0
北京鹫峰国家森林公园,2026-06-05,19:20,25.9,69.0,40.9,0.0
北京鹫峰国家森林公园,2026-06-05,19:25,25.9,69.0,43.9,0.0
北京鹫峰国家森林公园,2026-06-05,19:30,26.1,64.7,39.2,0.0
北京鹫峰国家森林公园,2026-06-05,19:35,24.9,65.2,48.1,0.0
北京鹫峰国家森林公园,2026-06-05,19:40,24.8,65.5,50.2,0.0
北京鹫峰国家森林公园,2026-06-05,19:45,25.8,66.7,50.4,0.0
北京鹫峰国家森林公园,2026-06-05,19:50,25.5,73.2,39.1,0.0
北京鹫峰国家森林公园,2026-06-05,19:55,25.7,72.8,42.1,0.0
北京鹫峰国家森林公园,2026-06-05,20:00,26.2,66.0,49.6,0.0
北京鹫峰国家森林公园,2026-06-05,20:05,26.7,66.5,48.3,0.0
北京鹫峰国家森林公园,2026-06-05,20:10,26.3,67.1,40.1,0.0
北京鹫峰国家森林公园,2026-06-05,20:15,24.9,66.0,41.5,0.0
北京鹫峰国家森林公园,2026-06-05,20:20,25.6,72.4,44.4,0.0
北京鹫峰国家森林公园,2026-06-05,20:25,25.0,69.0,47.7,0.0
北京鹫峰国家森林公园,2026-06-05,20:30,26.5,66.8,43.4,0.0
北京鹫峰国家森林公园,2026-06-05,20:35,25.4,71.0,41.4,0.0
北京鹫峰国家森林公园,2026-06-05,20:40,25.1,72.8,46.0,0.0
北京鹫峰国家森林公园,2026-06-05,20:45,26.1,69.2,48.3,0.0
北京鹫峰国家森林公园,2026-06-05,20:50,25.0,69.7,51.0,0.0
北京鹫峰国家森林公园,2026-06-05,20:55,25.1,68.7,52.1,0.0
北京鹫峰国家森林公园,2026-06-05,21:00,25.1,72.4,41.3,0.0
北京鹫峰国家森林公园,2026-06-05,21:05,24.7,69.3,36.3,0.0
北京鹫峰国家森林公园,2026-06-05,21:10,26.0,71.8,41.3,0.0
北京鹫峰国家森林公园,2026-06-05,21:15,25.8,70.2,41.0,0.0
北京鹫峰国家森林公园,2026-06-05,21:20,25.6,73.6,32.8,0.0
北京鹫峰国家森林公园,2026-06-05,21:25,25.2,70.1,35.5,0.0
北京鹫峰国家森林公园,2026-06-05,21:30,25.9,72.0,33.7,0.0
北京鹫峰国家森林公园,2026-06-05,21:35,24.9,73.0,38.1,0.0
北京鹫峰国家森林公园,2026-06-05,21:40,25.8,72.1,36.3,0.0
北京鹫峰国家森林公园,2026-06-05,21:45,24.3,68.9,31.7,0.0
北京鹫峰国家森林公园,2026-06-05,21:50,25.4,73.5,27.6,0.0
北京鹫峰国家森林公园,2026-06-05,21:55,24.7,68.0,30.8,0.0
北京鹫峰国家森林公园,2026-06-05,22:00,25.2,75.8,35.1,0.0
北京鹫峰国家森林公园,2026-06-05,22:05,25.5,75.9,28.4,0.0
北京鹫峰国家森林公园,2026-06-05,22:10,25.1,71.4,40.8,0.0
北京鹫峰国家森林公园,2026-06-05,22:15,26.1,72.8,33.8,0.0
北京鹫峰国家森林公园,2026-06-05,22:20,24.5,72.5,29.3,0.0
北京鹫峰国家森林公园,2026-06-05,22:25,24.6,70.0,30.5,0.0
北京鹫峰国家森林公园,2026-06-05,22:30,25.3,73.5,30.4,0.0
北京鹫峰国家森林公园,2026-06-05,22:35,26.0,76.0,32.5,0.0
北京鹫峰国家森林公园,2026-06-05,22:40,26.1,71.3,33.5,0.0
北京鹫峰国家森林公园,2026-06-05,22:45,25.4,73.5,30.4,0.0
北京鹫峰国家森林公园,2026-06-05,22:50,24.2,74.9,31.7,0.0
北京鹫峰国家森林公园,2026-06-05,22:55,25.5,72.4,39.1,0.0
北京鹫峰国家森林公园,2026-06-05,23:00,24.5,74.3,38.4,0.0
北京鹫峰国家森林公园,2026-06-05,23:05,24.1,70.7,30.3,0.0
北京鹫峰国家森林公园,2026-06-05,23:10,25.3,74.1,34.9,0.0
北京鹫峰国家森林公园,2026-06-05,23:15,25.8,74.3,38.7,0.0
北京鹫峰国家森林公园,2026-06-05,23:20,24.3,71.6,30.0,0.0
北京鹫峰国家森林公园,2026-06-05,23:25,25.6,75.9,31.3,0.0
北京鹫峰国家森林公园,2026-06-05,23:30,24.3,77.7,39.0,0.0
北京鹫峰国家森林公园,2026-06-05,23:35,24.8,71.5,29.2,0.0
北京鹫峰国家森林公园,2026-06-05,23:40,25.7,77.0,30.9,0.0
北京鹫峰国家森林公园,2026-06-05,23:45,24.0,78.5,34.5,0.0
北京鹫峰国家森林公园,2026-06-05,23:50,25.0,75.6,29.2,0.0
北京鹫峰国家森林公园,2026-06-05,23:55,24.3,76.0,35.9,0.0
北京鹫峰国家森林公园,2026-06-06,00:00,22.5,82.9,34.2,0.0
北京鹫峰国家森林公园,2026-06-06,00:05,20.8,80.7,39.0,0.0
北京鹫峰国家森林公园,2026-06-06,00:10,22.4,76.3,38.2,0.0
北京鹫峰国家森林公园,2026-06-06,00:15,21.9,79.0,31.1,0.0
北京鹫峰国家森林公园,2026-06-06,00:20,21.2,80.1,42.8,0.0
北京鹫峰国家森林公园,2026-06-06,00:25,22.0,80.4,32.3,0.0
北京鹫峰国家森林公园,2026-06-06,00:30,22.0,80.1,29.9,0.0
北京鹫峰国家森林公园,2026-06-06,00:35,21.6,77.9,31.5,0.0
北京鹫峰国家森林公园,2026-06-06,00:40,22.0,76.3,40.6,0.0
北京鹫峰国家森林公园,2026-06-06,00:45,22.4,80.1,42.0,0.0
北京鹫峰国家森林公园,2026-06-06,00:50,21.1,77.3,36.7,0.0
北京鹫峰国家森林公园,2026-06-06,00:55,22.5,82.1,33.6,0.0
北京鹫峰国家森林公园,2026-06-06,01:00,22.8,75.9,42.9,0.0
北京鹫峰国家森林公园,2026-06-06,01:05,22.0,83.6,34.6,0.0
北京鹫峰国家森林公园,2026-06-06,01:10,22.2,77.5,35.6,0.0
北京鹫峰国家森林公园,2026-06-06,01:15,22.1,76.0,36.9,0.0
北京鹫峰国家森林公园,2026-06-06,01:20,22.2,81.2,34.2,0.0
北京鹫峰国家森林公园,2026-06-06,01:25,20.7,82.6,35.4,0.0
北京鹫峰国家森林公园,2026-06-06,01:30,22.7,77.3,31.6,0.0
北京鹫峰国家森林公园,2026-06-06,01:35,22.7,75.1,34.2,0.0
北京鹫峰国家森林公园,2026-06-06,01:40,21.7,77.2,37.7,0.0
北京鹫峰国家森林公园,2026-06-06,01:45,20.9,77.2,33.5,0.0
北京鹫峰国家森林公园,2026-06-06,01:50,21.8,77.2,37.5,0.0
北京鹫峰国家森林公园,2026-06-06,01:55,20.9,80.6,32.8,0.0
北京鹫峰国家森林公园,2026-06-06,02:00,21.4,78.1,40.5,0.0
北京鹫峰国家森林公园,2026-06-06,02:05,22.1,78.2,33.5,0.0
北京鹫峰国家森林公园,2026-06-06,02:10,22.9,78.0,31.3,0.0
北京鹫峰国家森林公园,2026-06-06,02:15,22.0,81.7,39.5,0.0
北京鹫峰国家森林公园,2026-06-06,02:20,22.8,74.8,29.8,0.0
北京鹫峰国家森林公园,2026-06-06,02:25,21.3,79.5,29.7,0.0
北京鹫峰国家森林公园,2026-06-06,02:30,22.7,75.3,35.1,0.0
北京鹫峰国家森林公园,2026-06-06,02:35,22.3,81.9,32.4,0.0
北京鹫峰国家森林公园,2026-06-06,02:40,20.9,77.4,33.0,0.0
北京鹫峰国家森林公园,2026-06-06,02:45,21.0,78.4,39.0,0.0
北京鹫峰国家森林公园,2026-06-06,02:50,21.2,81.8,31.6,0.0
北京鹫峰国家森林公园,2026-06-06,02:55,22.4,83.2,43.0,0.0
北京鹫峰国家森林公园,2026-06-06,03:00,21.2,78.9,35.5,0.0
北京鹫峰国家森林公园,2026-06-06,03:05,22.3,76.1,34.7,0.0
北京鹫峰国家森林公园,2026-06-06,03:10,21.9,82.9,32.1,0.0
北京鹫峰国家森林公园,2026-06-06,03:15,22.2,80.3,43.1,0.0
北京鹫峰国家森林公园,2026-06-06,03:20,22.1,76.9,33.8,0.0
北京鹫峰国家森林公园,2026-06-06,03:25,20.8,82.7,35.0,0.0
北京鹫峰国家森林公园,2026-06-06,03:30,22.9,78.8,39.5,0.0
北京鹫峰国家森林公园,2026-06-06,03:35,22.0,77.9,34.5,0.0
北京鹫峰国家森林公园,2026-06-06,03:40,22.6,79.1,42.7,0.0
北京鹫峰国家森林公园,2026-06-06,03:45,22.4,78.2,32.5,0.0
北京鹫峰国家森林公园,2026-06-06,03:50,21.7,75.9,38.2,0.0
北京鹫峰国家森林公园,2026-06-06,03:55,21.0,78.6,39.4,0.0
北京鹫峰国家森林公园,2026-06-06,04:00,21.6,81.4,33.5,0.0
北京鹫峰国家森林公园,2026-06-06,04:05,22.4,76.3,32.4,0.0
北京鹫峰国家森林公园,2026-06-06,04:10,22.4,82.4,41.6,0.0
北京鹫峰国家森林公园,2026-06-06,04:15,22.0,83.0,42.0,0.0
北京鹫峰国家森林公园,2026-06-06,04:20,21.1,82.2,39.5,0.0
北京鹫峰国家森林公园,2026-06-06,04:25,21.0,74.9,42.5,0.0
北京鹫峰国家森林公园,2026-06-06,04:30,22.1,75.0,30.6,0.0
北京鹫峰国家森林公园,2026-06-06,04:35,21.3,80.8,29.3,0.0
北京鹫峰国家森林公园,2026-06-06,04:40,21.5,78.4,30.7,0.0
北京鹫峰国家森林公园,2026-06-06,04:45,21.1,79.9,35.0,0.0
北京鹫峰国家森林公园,2026-06-06,04:50,22.5,76.4,30.3,0.0
北京鹫峰国家森林公园,2026-06-06,04:55,22.0,80.0,38.6,0.0
北京鹫峰国家森林公园,2026-06-06,05:00,22.7,76.2,31.3,0.0
北京鹫峰国家森林公园,2026-06-06,05:05,22.4,79.8,41.5,0.0
北京鹫峰国家森林公园,2026-06-06,05:10,21.1,77.3,37.5,0.0
北京鹫峰国家森林公园,2026-06-06,05:15,21.0,75.2,42.8,0.0
北京鹫峰国家森林公园,2026-06-06,05:20,20.9,81.1,41.2,0.0
北京鹫峰国家森林公园,2026-06-06,05:25,21.5,76.2,39.1,0.0
北京鹫峰国家森林公园,2026-06-06,05:30,22.7,75.8,34.9,0.0
北京鹫峰国家森林公园,2026-06-06,05:35,21.0,79.5,31.8,0.0
北京鹫峰国家森林公园,2026-06-06,05:40,21.6,79.4,37.6,0.0
北京鹫峰国家森林公园,2026-06-06,05:45,22.5,75.6,32.6,0.0
北京鹫峰国家森林公园,2026-06-06,05:50,21.5,80.6,35.9,0.0
北京鹫峰国家森林公园,2026-06-06,05:55,22.8,80.8,38.5,0.0
北京鹫峰国家森林公园,2026-06-06,06:00,25.2,82.7,37.0,0
北京鹫峰国家森林公园,2026-06-06,06:05,25.3,78.6,31.1,1252.5
北京鹫峰国家森林公园,2026-06-06,06:10,25.9,77.0,29.4,2543.6
北京鹫峰国家森林公园,2026-06-06,06:15,26.0,78.2,33.6,5061.2
北京鹫峰国家森林公园,2026-06-06,06:20,26.2,76.0,39.1,5093.9
北京鹫峰国家森林公园,2026-06-06,06:25,25.3,74.8,40.9,6515.7
北京鹫峰国家森林公园,2026-06-06,06:30,25.2,80.2,32.3,10417.3
北京鹫峰国家森林公园,2026-06-06,06:35,25.4,78.2,41.4,8444.7
北京鹫峰国家森林公园,2026-06-06,06:40,24.9,76.8,29.7,14549.6
北京鹫峰国家森林公园,2026-06-06,06:45,26.5,75.7,32.2,16317.3
北京鹫峰国家森林公园,2026-06-06,06:50,26.6,75.0,35.2,17626.4
北京鹫峰国家森林公园,2026-06-06,06:55,25.0,78.5,39.6,17585.2
北京鹫峰国家森林公园,2026-06-06,07:00,25.6,75.3,49.6,21072.7
北京鹫峰国家森林公园,2026-06-06,07:05,26.5,71.5,53.6,19881.9
北京鹫峰国家森林公园,2026-06-06,07:10,25.1,73.4,45.3,20836.4
北京鹫峰国家森林公园,2026-06-06,07:15,26.4,68.1,51.0,25760.1
北京鹫峰国家森林公园,2026-06-06,07:20,26.7,72.5,46.0,23053.2
北京鹫峰国家森林公园,2026-06-06,07:25,25.5,69.7,47.0,20351.7
北京鹫峰国家森林公园,2026-06-06,07:30,25.3,70.3,52.1,21707.4
北京鹫峰国家森林公园,2026-06-06,07:35,26.3,71.5,50.3,26531.8
北京鹫峰国家森林公园,2026-06-06,07:40,26.8,72.4,56.9,33501.0
北京鹫峰国家森林公园,2026-06-06,07:45,26.3,71.7,54.0,28560.9
北京鹫峰国家森林公园,2026-06-06,07:50,26.4,68.0,53.2,25727.8
北京鹫峰国家森林公园,2026-06-06,07:55,26.9,67.6,52.5,39658.8
北京鹫峰国家森林公园,2026-06-06,08:00,26.5,74.1,47.4,29696.8
北京鹫峰国家森林公园,2026-06-06,08:05,27.1,69.0,50.8,32698.6
北京鹫峰国家森林公园,2026-06-06,08:10,25.8,69.5,44.8,43633.2
北京鹫峰国家森林公园,2026-06-06,08:15,26.3,65.6,45.5,46198.5
北京鹫峰国家森林公园,2026-06-06,08:20,26.0,67.6,56.2,47932.1
北京鹫峰国家森林公园,2026-06-06,08:25,26.5,66.8,49.9,38618.6
北京鹫峰国家森林公园,2026-06-06,08:30,26.3,71.3,47.8,45429.1
北京鹫峰国家森林公园,2026-06-06,08:35,25.6,72.2,48.5,46748.8
北京鹫峰国家森林公园,2026-06-06,08:40,25.2,73.6,50.0,50662.0
北京鹫峰国家森林公园,2026-06-06,08:45,26.4,69.4,53.4,48168.7
北京鹫峰国家森林公园,2026-06-06,08:50,26.6,67.6,46.2,37754.4
北京鹫峰国家森林公园,2026-06-06,08:55,27.1,66.0,48.9,56094.7
北京鹫峰国家森林公园,2026-06-06,09:00,25.9,73.5,55.7,56340.7
北京鹫峰国家森林公园,2026-06-06,09:05,27.3,68.1,43.1,40918.9
北京鹫峰国家森林公园,2026-06-06,09:10,25.8,72.0,36.9,57904.8
北京鹫峰国家森林公园,2026-06-06,09:15,26.9,68.8,32.8,59125.7
北京鹫峰国家森林公园,2026-06-06,09:20,26.8,72.7,30.8,46123.2
北京鹫峰国家森林公园,2026-06-06,09:25,27.0,66.4,43.0,59263.9
北京鹫峰国家森林公园,2026-06-06,09:30,26.7,66.0,37.2,67320.7
北京鹫峰国家森林公园,2026-06-06,09:35,26.6,65.6,33.4,59973.8
北京鹫峰国家森林公园,2026-06-06,09:40,26.8,65.2,36.9,47044.7
北京鹫峰国家森林公园,2026-06-06,09:45,27.6,72.3,32.6,49555.6
北京鹫峰国家森林公园,2026-06-06,09:50,26.1,64.2,41.7,60464.1
北京鹫峰国家森林公园,2026-06-06,09:55,26.7,69.1,33.1,66912.4
北京鹫峰国家森林公园,2026-06-06,10:00,26.8,64.1,73.4,60269.3
北京鹫峰国家森林公园,2026-06-06,10:05,27.1,68.5,72.2,71862.8
北京鹫峰国家森林公园,2026-06-06,10:10,27.5,65.6,68.4,58736.1
北京鹫峰国家森林公园,2026-06-06,10:15,26.4,68.8,79.2,74201.0
北京鹫峰国家森林公园,2026-06-06,10:20,26.0,70.3,77.7,75777.8
北京鹫峰国家森林公园,2026-06-06,10:25,26.7,67.6,69.1,52375.6
北京鹫峰国家森林公园,2026-06-06,10:30,25.8,69.3,78.8,53686.2
北京鹫峰国家森林公园,2026-06-06,10:35,26.7,65.3,76.1,64115.1
北京鹫峰国家森林公园,2026-06-06,10:40,26.2,65.2,78.3,55585.8
北京鹫峰国家森林公园,2026-06-06,10:45,25.6,71.1,74.6,55868.1
北京鹫峰国家森林公园,2026-06-06,10:50,27.0,70.3,70.7,69580.8
北京鹫峰国家森林公园,2026-06-06,10:55,26.8,64.4,76.8,69018.4
北京鹫峰国家森林公园,2026-06-06,11:00,26.3,65.9,79.4,81997.7
北京鹫峰国家森林公园,2026-06-06,11:05,26.2,66.4,69.9,81771.4
北京鹫峰国家森林公园,2026-06-06,11:10,26.4,70.9,72.2,81605.2
北京鹫峰国家森林公园,2026-06-06,11:15,26.4,68.5,69.3,64550.0
北京鹫峰国家森林公园,2026-06-06,11:20,27.3,68.6,79.6,62293.0
北京鹫峰国家森林公园,2026-06-06,11:25,26.2,67.6,77.0,66545.7
北京鹫峰国家森林公园,2026-06-06,11:30,26.0,71.2,73.9,61673.2
北京鹫峰国家森林公园,2026-06-06,11:35,26.9,63.7,73.2,62201.0
北京鹫峰国家森林公园,2026-06-06,11:40,27.6,70.1,79.2,59162.0
北京鹫峰国家森林公园,2026-06-06,11:45,26.5,71.0,73.6,80998.3
北京鹫峰国家森林公园,2026-06-06,11:50,27.9,69.2,74.9,63473.7
北京鹫峰国家森林公园,2026-06-06,11:55,26.2,68.0,79.0,62075.7
北京鹫峰国家森林公园,2026-06-06,12:00,26.5,66.7,75.6,59186.1
北京鹫峰国家森林公园,2026-06-06,12:05,26.0,64.0,81.0,64300.2
北京鹫峰国家森林公园,2026-06-06,12:10,25.8,70.1,69.0,57384.5
北京鹫峰国家森林公园,2026-06-06,12:15,27.5,64.6,76.1,72977.5
北京鹫峰国家森林公园,2026-06-06,12:20,26.0,67.4,72.6,57701.1
北京鹫峰国家森林公园,2026-06-06,12:25,27.1,63.1,80.0,79264.5
北京鹫峰国家森林公园,2026-06-06,12:30,26.4,70.6,76.6,74390.5
北京鹫峰国家森林公园,2026-06-06,12:35,28.0,68.3,74.1,72973.7
北京鹫峰国家森林公园,2026-06-06,12:40,25.9,65.4,74.9,65595.1
北京鹫峰国家森林公园,2026-06-06,12:45,27.5,70.4,77.2,57359.5
北京鹫峰国家森林公园,2026-06-06,12:50,26.0,66.0,68.8,66074.7
北京鹫峰国家森林公园,2026-06-06,12:55,27.8,66.5,69.9,81743.6
北京鹫峰国家森林公园,2026-06-06,13:00,26.5,65.9,73.9,73417.9
北京鹫峰国家森林公园,2026-06-06,13:05,27.6,66.7,74.9,63902.8
北京鹫峰国家森林公园,2026-06-06,13:10,27.0,66.3,71.6,73714.9
北京鹫峰国家森林公园,2026-06-06,13:15,27.9,66.6,76.7,73529.2
北京鹫峰国家森林公园,2026-06-06,13:20,26.8,65.2,77.9,62056.4
北京鹫峰国家森林公园,2026-06-06,13:25,28.2,64.3,80.7,76794.6
北京鹫峰国家森林公园,2026-06-06,13:30,27.1,61.0,69.8,76751.1
北京鹫峰国家森林公园,2026-06-06,13:35,27.8,61.3,69.8,53686.6
北京鹫峰国家森林公园,2026-06-06,13:40,26.8,64.9,80.6,55119.0
北京鹫峰国家森林公园,2026-06-06,13:45,27.2,62.2,68.0,72231.0
北京鹫峰国家森林公园,2026-06-06,13:50,27.6,69.5,77.7,68273.0
北京鹫峰国家森林公园,2026-06-06,13:55,26.7,62.4,77.8,52619.5
北京鹫峰国家森林公园,2026-06-06,14:00,27.9,66.4,73.6,55978.5
北京鹫峰国家森林公园,2026-06-06,14:05,26.8,61.3,80.5,71458.0
北京鹫峰国家森林公园,2026-06-06,14:10,26.6,65.3,76.5,47521.8
北京鹫峰国家森林公园,2026-06-06,14:15,27.2,60.8,77.0,47853.5
北京鹫峰国家森林公园,2026-06-06,14:20,28.2,66.0,78.0,46131.0
北京鹫峰国家森林公园,2026-06-06,14:25,28.3,61.5,70.8,46509.8
北京鹫峰国家森林公园,2026-06-06,14:30,26.4,61.6,68.2,65272.0
北京鹫峰国家森林公园,2026-06-06,14:35,27.5,61.2,68.7,45844.0
北京鹫峰国家森林公园,2026-06-06,14:40,26.8,66.1,74.5,64197.5
北京鹫峰国家森林公园,2026-06-06,14:45,26.8,61.6,76.6,51617.0
北京鹫峰国家森林公园,2026-06-06,14:50,28.5,62.9,69.8,42377.4
北京鹫峰国家森林公园,2026-06-06,14:55,27.3,66.9,78.3,42528.5
北京鹫峰国家森林公园,2026-06-06,15:00,28.2,68.2,80.0,46030.5
北京鹫峰国家森林公园,2026-06-06,15:05,26.7,62.9,75.7,50577.7
北京鹫峰国家森林公园,2026-06-06,15:10,27.2,60.9,81.1,40072.6
北京鹫峰国家森林公园,2026-06-06,15:15,27.9,62.9,73.2,42658.3
北京鹫峰国家森林公园,2026-06-06,15:20,27.8,59.9,79.3,40765.1
北京鹫峰国家森林公园,2026-06-06,15:25,27.0,63.6,79.8,39832.8
北京鹫峰国家森林公园,2026-06-06,15:30,26.6,66.6,73.9,42084.7
北京鹫峰国家森林公园,2026-06-06,15:35,26.9,62.2,73.1,44129.4
北京鹫峰国家森林公园,2026-06-06,15:40,27.0,67.6,77.6,32929.8
北京鹫峰国家森林公园,2026-06-06,15:45,27.9,63.5,75.6,44179.9
北京鹫峰国家森林公园,2026-06-06,15:50,26.6,62.4,72.3,33518.0
北京鹫峰国家森林公园,2026-06-06,15:55,26.5,62.3,76.3,33090.1
北京鹫峰国家森林公园,2026-06-06,16:00,27.8,61.9,75.1,30064.3
北京鹫峰国家森林公园,2026-06-06,16:05,26.4,60.5,68.9,37200.9
北京鹫峰国家森林公园,2026-06-06,16:10,27.2,63.6,69.4,25530.3
北京鹫峰国家森林公园,2026-06-06,16:15,26.2,62.4,69.0,31837.2
北京鹫峰国家森林公园,2026-06-06,16:20,26.8,65.8,79.7,27441.7
北京鹫峰国家森林公园,2026-06-06,16:25,27.3,67.7,68.6,28162.4
北京鹫峰国家森林公园,2026-06-06,16:30,27.2,65.4,75.8,22937.4
北京鹫峰国家森林公园,2026-06-06,16:35,26.9,65.2,75.9,24087.7
北京鹫峰国家森林公园,2026-06-06,16:40,28.1,67.1,67.3,21447.9
北京鹫峰国家森林公园,2026-06-06,16:45,27.4,61.4,73.4,24694.9
北京鹫峰国家森林公园,2026-06-06,16:50,27.4,66.6,75.3,18048.6
北京鹫峰国家森林公园,2026-06-06,16:55,27.0,68.5,69.3,16713.5
北京鹫峰国家森林公园,2026-06-06,17:00,27.8,68.1,71.8,18462.1
北京鹫峰国家森林公园,2026-06-06,17:05,27.3,68.0,71.3,19907.4
北京鹫峰国家森林公园,2026-06-06,17:10,28.0,67.1,71.7,12002.6
北京鹫峰国家森林公园,2026-06-06,17:15,26.3,66.4,67.6,13453.0
北京鹫峰国家森林公园,2026-06-06,17:20,27.5,61.0,78.8,11725.8
北京鹫峰国家森林公园,2026-06-06,17:25,27.9,67.0,80.7,9953.7
北京鹫峰国家森林公园,2026-06-06,17:30,27.2,65.9,76.2,7860.7
北京鹫峰国家森林公园,2026-06-06,17:35,26.6,68.8,79.9,8403.5
北京鹫峰国家森林公园,2026-06-06,17:40,27.7,64.1,69.2,5671.6
北京鹫峰国家森林公园,2026-06-06,17:45,27.1,67.1,77.8,5550.2
北京鹫峰国家森林公园,2026-06-06,17:50,27.8,69.0,79.0,2940.5
北京鹫峰国家森林公园,2026-06-06,17:55,27.7,62.4,73.4,1342.9
北京鹫峰国家森林公园,2026-06-06,18:00,27.3,65.2,90.0,0.0
北京鹫峰国家森林公园,2026-06-06,18:05,27.1,62.8,81.9,0.0
北京鹫峰国家森林公园,2026-06-06,18:10,26.8,64.5,85.1,0.0
北京鹫峰国家森林公园,2026-06-06,18:15,25.9,67.2,79.7,0.0
北京鹫峰国家森林公园,2026-06-06,18:20,26.5,63.5,87.5,0.0
北京鹫峰国家森林公园,2026-06-06,18:25,26.0,65.3,83.9,0.0
北京鹫峰国家森林公园,2026-06-06,18:30,27.3,66.6,85.0,0.0
北京鹫峰国家森林公园,2026-06-06,18:35,25.8,66.6,85.3,0.0
北京鹫峰国家森林公园,2026-06-06,18:40,26.2,67.1,90.9,0.0
北京鹫峰国家森林公园,2026-06-06,18:45,26.2,64.8,89.3,0.0
北京鹫峰国家森林公园,2026-06-06,18:50,27.4,68.7,79.5,0.0
北京鹫峰国家森林公园,2026-06-06,18:55,25.9,67.0,85.1,0.0
北京鹫峰国家森林公园,2026-06-06,19:00,27.3,66.2,81.0,0.0
北京鹫峰国家森林公园,2026-06-06,19:05,27.5,63.0,87.3,0.0
北京鹫峰国家森林公园,2026-06-06,19:10,25.8,68.3,83.6,0.0
北京鹫峰国家森林公园,2026-06-06,19:15,25.8,68.5,86.0,0.0
北京鹫峰国家森林公园,2026-06-06,19:20,26.6,65.6,86.2,0.0
北京鹫峰国家森林公园,2026-06-06,19:25,25.7,64.4,78.4,0.0
北京鹫峰国家森林公园,2026-06-06,19:30,25.4,64.8,87.8,0.0
北京鹫峰国家森林公园,2026-06-06,19:35,26.0,64.8,83.8,0.0
北京鹫峰国家森林公园,2026-06-06,19:40,26.9,69.0,90.8,0.0
北京鹫峰国家森林公园,2026-06-06,19:45,26.6,68.0,78.7,0.0
北京鹫峰国家森林公园,2026-06-06,19:50,27.0,68.0,85.7,0.0
北京鹫峰国家森林公园,2026-06-06,19:55,25.4,68.0,87.5,0.0
北京鹫峰国家森林公园,2026-06-06,20:00,27.2,66.6,88.0,0.0
北京鹫峰国家森林公园,2026-06-06,20:05,25.9,71.6,88.9,0.0
北京鹫峰国家森林公园,2026-06-06,20:10,26.0,72.6,82.4,0.0
北京鹫峰国家森林公园,2026-06-06,20:15,25.4,71.8,80.3,0.0
北京鹫峰国家森林公园,2026-06-06,20:20,26.9,64.7,79.3,0.0
北京鹫峰国家森林公园,2026-06-06,20:25,27.0,64.5,83.0,0.0
北京鹫峰国家森林公园,2026-06-06,20:30,26.4,68.2,80.5,0.0
北京鹫峰国家森林公园,2026-06-06,20:35,25.1,71.6,80.1,0.0
北京鹫峰国家森林公园,2026-06-06,20:40,27.0,68.5,83.9,0.0
北京鹫峰国家森林公园,2026-06-06,20:45,26.5,70.2,82.7,0.0
北京鹫峰国家森林公园,2026-06-06,20:50,25.9,67.1,81.8,0.0
北京鹫峰国家森林公园,2026-06-06,20:55,25.6,67.3,87.4,0.0
北京鹫峰国家森林公园,2026-06-06,21:00,26.1,66.6,89.1,0.0
北京鹫峰国家森林公园,2026-06-06,21:05,25.3,72.4,75.6,0.0
北京鹫峰国家森林公园,2026-06-06,21:10,24.8,70.4,67.9,0.0
北京鹫峰国家森林公园,2026-06-06,21:15,26.4,70.7,74.0,0.0
北京鹫峰国家森林公园,2026-06-06,21:20,26.0,73.0,81.2,0.0
北京鹫峰国家森林公园,2026-06-06,21:25,26.6,67.8,79.0,0.0
北京鹫峰国家森林公园,2026-06-06,21:30,26.0,70.2,75.1,0.0
北京鹫峰国家森林公园,2026-06-06,21:35,25.0,70.1,69.3,0.0
北京鹫峰国家森林公园,2026-06-06,21:40,25.5,66.9,70.2,0.0
北京鹫峰国家森林公园,2026-06-06,21:45,25.7,71.9,69.9,0.0
北京鹫峰国家森林公园,2026-06-06,21:50,25.2,68.0,72.6,0.0
北京鹫峰国家森林公园,2026-06-06,21:55,26.0,67.5,72.3,0.0
北京鹫峰国家森林公园,2026-06-06,22:00,25.0,74.3,70.7,0.0
北京鹫峰国家森林公园,2026-06-06,22:05,26.7,74.3,30.9,0.0
北京鹫峰国家森林公园,2026-06-06,22:10,26.1,72.3,33.3,0.0
北京鹫峰国家森林公园,2026-06-06,22:15,24.6,75.6,30.5,0.0
北京鹫峰国家森林公园,2026-06-06,22:20,26.5,73.4,35.6,0.0
北京鹫峰国家森林公园,2026-06-06,22:25,25.8,75.5,30.9,0.0
北京鹫峰国家森林公园,2026-06-06,22:30,24.6,75.2,42.3,0.0
北京鹫峰国家森林公园,2026-06-06,22:35,25.0,70.3,36.2,0.0
北京鹫峰国家森林公园,2026-06-06,22:40,26.3,71.2,33.7,0.0
北京鹫峰国家森林公园,2026-06-06,22:45,25.9,70.0,39.5,0.0
北京鹫峰国家森林公园,2026-06-06,22:50,25.9,74.1,42.4,0.0
北京鹫峰国家森林公园,2026-06-06,22:55,25.7,68.3,39.9,0.0
北京鹫峰国家森林公园,2026-06-06,23:00,26.0,69.8,40.3,0.0
北京鹫峰国家森林公园,2026-06-06,23:05,25.1,71.8,37.5,0.0
北京鹫峰国家森林公园,2026-06-06,23:10,24.9,73.4,42.9,0.0
北京鹫峰国家森林公园,2026-06-06,23:15,24.6,72.2,33.7,0.0
北京鹫峰国家森林公园,2026-06-06,23:20,25.0,74.4,34.0,0.0
北京鹫峰国家森林公园,2026-06-06,23:25,25.8,71.6,38.0,0.0
北京鹫峰国家森林公园,2026-06-06,23:30,24.8,74.3,42.8,0.0
北京鹫峰国家森林公园,2026-06-06,23:35,26.3,70.7,33.2,0.0
北京鹫峰国家森林公园,2026-06-06,23:40,24.9,73.7,41.9,0.0
北京鹫峰国家森林公园,2026-06-06,23:45,24.8,77.8,34.7,0.0
北京鹫峰国家森林公园,2026-06-06,23:50,25.0,71.6,31.1,0.0
北京鹫峰国家森林公园,2026-06-06,23:55,24.3,70.4,39.4,0.0
北京鹫峰国家森林公园,2026-06-07,00:00,21.5,81.2,39.9,0.0
北京鹫峰国家森林公园,2026-06-07,00:05,21.5,78.4,37.5,0.0
北京鹫峰国家森林公园,2026-06-07,00:10,23.1,78.8,37.8,0.0
北京鹫峰国家森林公园,2026-06-07,00:15,22.2,77.0,36.4,0.0
北京鹫峰国家森林公园,2026-06-07,00:20,22.5,76.0,43.1,0.0
北京鹫峰国家森林公园,2026-06-07,00:25,22.1,82.4,44.2,0.0
北京鹫峰国家森林公园,2026-06-07,00:30,22.8,79.6,36.1,0.0
北京鹫峰国家森林公园,2026-06-07,00:35,21.6,80.5,37.3,0.0
北京鹫峰国家森林公园,2026-06-07,00:40,21.8,75.8,41.0,0.0
北京鹫峰国家森林公园,2026-06-07,00:45,21.4,74.0,36.8,0.0
北京鹫峰国家森林公园,2026-06-07,00:50,22.9,76.5,40.2,0.0
北京鹫峰国家森林公园,2026-06-07,00:55,21.3,76.5,33.1,0.0
北京鹫峰国家森林公园,2026-06-07,01:00,23.0,74.8,31.4,0.0
北京鹫峰国家森林公园,2026-06-07,01:05,22.6,75.7,42.6,0.0
北京鹫峰国家森林公园,2026-06-07,01:10,22.9,79.1,32.9,0.0
北京鹫峰国家森林公园,2026-06-07,01:15,21.4,81.6,33.5,0.0
北京鹫峰国家森林公园,2026-06-07,01:20,21.6,74.3,38.1,0.0
北京鹫峰国家森林公园,2026-06-07,01:25,22.7,79.6,36.9,0.0
北京鹫峰国家森林公园,2026-06-07,01:30,21.3,77.9,35.3,0.0
北京鹫峰国家森林公园,2026-06-07,01:35,22.7,75.3,41.4,0.0
北京鹫峰国家森林公园,2026-06-07,01:40,21.2,74.5,35.2,0.0
北京鹫峰国家森林公园,2026-06-07,01:45,21.2,80.5,36.9,0.0
北京鹫峰国家森林公园,2026-06-07,01:50,23.3,80.3,42.3,0.0
北京鹫峰国家森林公园,2026-06-07,01:55,21.6,80.6,34.4,0.0
北京鹫峰国家森林公园,2026-06-07,02:00,22.8,75.3,37.1,0.0
北京鹫峰国家森林公园,2026-06-07,02:05,22.6,76.8,35.5,0.0
北京鹫峰国家森林公园,2026-06-07,02:10,22.5,81.2,33.3,0.0
北京鹫峰国家森林公园,2026-06-07,02:15,21.4,75.8,43.2,0.0
北京鹫峰国家森林公园,2026-06-07,02:20,21.4,81.9,34.6,0.0
北京鹫峰国家森林公园,2026-06-07,02:25,23.2,74.7,42.2,0.0
北京鹫峰国家森林公园,2026-06-07,02:30,22.3,77.7,37.0,0.0
北京鹫峰国家森林公园,2026-06-07,02:35,22.9,81.5,35.6,0.0
北京鹫峰国家森林公园,2026-06-07,02:40,21.8,73.8,36.5,0.0
北京鹫峰国家森林公园,2026-06-07,02:45,22.0,81.2,34.1,0.0
北京鹫峰国家森林公园,2026-06-07,02:50,22.9,77.0,33.3,0.0
北京鹫峰国家森林公园,2026-06-07,02:55,22.2,81.2,31.9,0.0
北京鹫峰国家森林公园,2026-06-07,03:00,21.5,79.0,39.0,0.0
北京鹫峰国家森林公园,2026-06-07,03:05,23.3,80.4,43.6,0.0
北京鹫峰国家森林公园,2026-06-07,03:10,22.2,81.9,42.9,0.0
北京鹫峰国家森林公园,2026-06-07,03:15,23.1,75.0,33.6,0.0
北京鹫峰国家森林公园,2026-06-07,03:20,22.7,74.5,35.9,0.0
北京鹫峰国家森林公园,2026-06-07,03:25,21.6,74.4,31.6,0.0
北京鹫峰国家森林公园,2026-06-07,03:30,22.4,81.5,41.4,0.0
北京鹫峰国家森林公园,2026-06-07,03:35,21.8,76.0,35.0,0.0
北京鹫峰国家森林公园,2026-06-07,03:40,22.4,76.2,31.4,0.0
北京鹫峰国家森林公园,2026-06-07,03:45,21.3,78.5,43.1,0.0
北京鹫峰国家森林公园,2026-06-07,03:50,22.4,81.6,42.4,0.0
北京鹫峰国家森林公园,2026-06-07,03:55,21.9,78.0,37.3,0.0
北京鹫峰国家森林公园,2026-06-07,04:00,21.5,74.2,35.3,0.0
北京鹫峰国家森林公园,2026-06-07,04:05,22.6,74.5,35.3,0.0
北京鹫峰国家森林公园,2026-06-07,04:10,22.8,74.5,31.0,0.0
北京鹫峰国家森林公园,2026-06-07,04:15,22.0,76.6,42.6,0.0
北京鹫峰国家森林公园,2026-06-07,04:20,22.3,77.2,36.9,0.0
北京鹫峰国家森林公园,2026-06-07,04:25,23.3,82.2,43.1,0.0
北京鹫峰国家森林公园,2026-06-07,04:30,22.7,80.4,33.5,0.0
北京鹫峰国家森林公园,2026-06-07,04:35,21.5,78.7,39.8,0.0
北京鹫峰国家森林公园,2026-06-07,04:40,22.6,74.6,38.0,0.0
北京鹫峰国家森林公园,2026-06-07,04:45,21.4,74.9,37.7,0.0
北京鹫峰国家森林公园,2026-06-07,04:50,21.4,79.6,33.1,0.0
北京鹫峰国家森林公园,2026-06-07,04:55,22.6,78.9,40.4,0.0
北京鹫峰国家森林公园,2026-06-07,05:00,23.2,76.5,31.9,0.0
北京鹫峰国家森林公园,2026-06-07,05:05,22.8,81.0,34.8,0.0
北京鹫峰国家森林公园,2026-06-07,05:10,22.9,74.1,33.0,0.0
北京鹫峰国家森林公园,2026-06-07,05:15,22.2,76.1,34.6,0.0
北京鹫峰国家森林公园,2026-06-07,05:20,23.1,76.2,40.3,0.0
北京鹫峰国家森林公园,2026-06-07,05:25,23.0,75.0,44.4,0.0
北京鹫峰国家森林公园,2026-06-07,05:30,22.3,79.5,41.6,0.0
北京鹫峰国家森林公园,2026-06-07,05:35,23.3,77.6,33.1,0.0
北京鹫峰国家森林公园,2026-06-07,05:40,21.7,75.2,43.6,0.0
北京鹫峰国家森林公园,2026-06-07,05:45,21.6,76.4,34.4,0.0
北京鹫峰国家森林公园,2026-06-07,05:50,21.8,82.2,36.0,0.0
北京鹫峰国家森林公园,2026-06-07,05:55,22.0,76.2,40.9,0.0
北京鹫峰国家森林公园,2026-06-07,06:00,26.5,75.9,34.7,0
北京鹫峰国家森林公园,2026-06-07,06:05,27.4,77.7,35.4,1395.3
北京鹫峰国家森林公园,2026-06-07,06:10,26.5,74.8,41.8,3282.9
北京鹫峰国家森林公园,2026-06-07,06:15,25.5,81.9,44.3,3927.6
北京鹫峰国家森林公园,2026-06-07,06:20,26.9,76.4,40.7,6826.4
北京鹫峰国家森林公园,2026-06-07,06:25,26.2,75.8,42.6,6173.4
北京鹫峰国家森林公园,2026-06-07,06:30,27.3,81.9,41.2,8085.7
北京鹫峰国家森林公园,2026-06-07,06:35,26.6,81.3,33.9,8509.7
北京鹫峰国家森林公园,2026-06-07,06:40,27.1,75.8,42.8,14515.0
北京鹫峰国家森林公园,2026-06-07,06:45,27.1,77.6,33.7,14039.1
北京鹫峰国家森林公园,2026-06-07,06:50,25.9,79.7,44.0,17335.9
北京鹫峰国家森林公园,2026-06-07,06:55,26.1,81.5,40.9,17731.0
北京鹫峰国家森林公园,2026-06-07,07:00,26.8,66.2,52.1,16084.1
北京鹫峰国家森林公园,2026-06-07,07:05,27.3,70.2,52.6,17278.1
北京鹫峰国家森林公园,2026-06-07,07:10,27.0,67.7,47.6,25142.8
北京鹫峰国家森林公园,2026-06-07,07:15,26.7,65.3,53.6,25881.7
北京鹫峰国家森林公园,2026-06-07,07:20,25.8,68.9,46.0,19488.4
北京鹫峰国家森林公园,2026-06-07,07:25,25.7,71.7,54.9,27133.9
北京鹫峰国家森林公园,2026-06-07,07:30,27.0,65.3,58.9,31372.6
北京鹫峰国家森林公园,2026-06-07,07:35,26.5,69.3,49.8,28301.0
北京鹫峰国家森林公园,2026-06-07,07:40,25.9,69.4,51.0,27341.0
北京鹫峰国家森林公园,2026-06-07,07:45,26.9,70.4,49.8,24664.9
北京鹫峰国家森林公园,2026-06-07,07:50,26.6,67.8,53.2,38684.2
北京鹫峰国家森林公园,2026-06-07,07:55,27.6,66.6,57.5,31037.2
北京鹫峰国家森林公园,2026-06-07,08:00,25.6,68.8,53.6,35339.9
北京鹫峰国家森林公园,2026-06-07,08:05,27.4,66.2,46.9,31629.4
北京鹫峰国家森林公园,2026-06-07,08:10,25.9,67.0,47.9,41456.9
北京鹫峰国家森林公园,2026-06-07,08:15,25.6,67.5,51.3,44092.9
北京鹫峰国家森林公园,2026-06-07,08:20,27.7,72.2,53.5,40800.0
北京鹫峰国家森林公园,2026-06-07,08:25,26.6,69.4,45.7,32678.2
北京鹫峰国家森林公园,2026-06-07,08:30,27.4,68.9,56.1,34084.6
北京鹫峰国家森林公园,2026-06-07,08:35,25.9,70.9,50.9,41552.5
北京鹫峰国家森林公园,2026-06-07,08:40,26.5,71.1,50.6,42663.0
北京鹫峰国家森林公园,2026-06-07,08:45,26.0,72.8,48.6,40692.2
北京鹫峰国家森林公园,2026-06-07,08:50,26.7,67.0,46.0,38597.6
北京鹫峰国家森林公园,2026-06-07,08:55,26.7,69.4,53.8,41378.9
北京鹫峰国家森林公园,2026-06-07,09:00,27.8,65.2,48.9,39899.8
北京鹫峰国家森林公园,2026-06-07,09:05,26.5,66.8,36.5,58623.7
北京鹫峰国家森林公园,2026-06-07,09:10,27.1,64.0,32.9,43068.8
北京鹫峰国家森林公园,2026-06-07,09:15,27.8,69.5,35.5,62246.7
北京鹫峰国家森林公园,2026-06-07,09:20,27.7,63.4,35.1,62168.6
北京鹫峰国家森林公园,2026-06-07,09:25,26.9,68.8,43.9,52244.5
北京鹫峰国家森林公园,2026-06-07,09:30,25.9,69.3,35.9,56496.6
北京鹫峰国家森林公园,2026-06-07,09:35,26.6,68.0,31.0,64662.8
北京鹫峰国家森林公园,2026-06-07,09:40,25.8,71.2,43.3,46847.9
北京鹫峰国家森林公园,2026-06-07,09:45,27.6,66.7,42.1,54391.4
北京鹫峰国家森林公园,2026-06-07,09:50,27.1,66.2,33.0,48037.3
北京鹫峰国家森林公园,2026-06-07,09:55,26.0,68.3,43.9,67856.5
北京鹫峰国家森林公园,2026-06-07,10:00,26.3,69.3,31.5,60367.9
北京鹫峰国家森林公园,2026-06-07,10:05,26.6,65.1,38.4,59109.1
北京鹫峰国家森林公园,2026-06-07,10:10,27.2,67.6,35.4,72675.9
北京鹫峰国家森林公园,2026-06-07,10:15,26.4,70.6,36.9,69387.9
北京鹫峰国家森林公园,2026-06-07,10:20,27.6,64.9,32.4,59841.6
北京鹫峰国家森林公园,2026-06-07,10:25,26.9,71.2,37.4,74227.3
北京鹫峰国家森林公园,2026-06-07,10:30,26.4,66.8,43.1,69389.7
北京鹫峰国家森林公园,2026-06-07,10:35,26.4,64.4,35.2,75405.2
北京鹫峰国家森林公园,2026-06-07,10:40,26.3,63.6,39.1,68812.5
北京鹫峰国家森林公园,2026-06-07,10:45,26.1,63.4,33.3,52468.6
北京鹫峰国家森林公园,2026-06-07,10:50,27.2,70.8,44.1,73812.4
北京鹫峰国家森林公园,2026-06-07,10:55,27.9,69.0,40.7,63859.2
北京鹫峰国家森林公园,2026-06-07,11:00,27.3,66.4,38.1,64254.2
北京鹫峰国家森林公园,2026-06-07,11:05,27.5,70.8,41.8,63585.5
北京鹫峰国家森林公园,2026-06-07,11:10,27.0,65.2,42.6,72445.7
北京鹫峰国家森林公园,2026-06-07,11:15,26.4,69.0,39.0,59982.5
北京鹫峰国家森林公园,2026-06-07,11:20,28.2,69.2,35.3,79157.4
北京鹫峰国家森林公园,2026-06-07,11:25,27.0,62.4,37.5,68877.3
北京鹫峰国家森林公园,2026-06-07,11:30,27.6,67.9,38.1,64994.0
北京鹫峰国家森林公园,2026-06-07,11:35,27.4,63.0,41.3,79186.6
北京鹫峰国家森林公园,2026-06-07,11:40,27.1,66.6,35.3,79676.2
北京鹫峰国家森林公园,2026-06-07,11:45,26.6,63.0,33.2,78032.8
北京鹫峰国家森林公园,2026-06-07,11:50,27.6,68.0,34.9,77131.0
北京鹫峰国家森林公园,2026-06-07,11:55,27.0,64.0,33.4,58673.8
北京鹫峰国家森林公园,2026-06-07,12:00,27.1,66.9,35.2,60208.0
北京鹫峰国家森林公园,2026-06-07,12:05,26.3,61.9,33.1,68408.0
北京鹫峰国家森林公园,2026-06-07,12:10,27.7,63.5,38.4,81340.9
北京鹫峰国家森林公园,2026-06-07,12:15,26.9,65.5,41.2,72212.1
北京鹫峰国家森林公园,2026-06-07,12:20,27.4,65.2,38.2,71384.7
北京鹫峰国家森林公园,2026-06-07,12:25,28.1,69.5,41.3,75431.9
北京鹫峰国家森林公园,2026-06-07,12:30,27.1,68.5,35.8,56187.2
北京鹫峰国家森林公园,2026-06-07,12:35,27.1,60.6,35.0,71654.9
北京鹫峰国家森林公园,2026-06-07,12:40,26.5,66.2,40.0,70876.5
北京鹫峰国家森林公园,2026-06-07,12:45,27.9,64.3,39.2,64004.5
北京鹫峰国家森林公园,2026-06-07,12:50,27.9,69.1,33.4,68045.2
北京鹫峰国家森林公园,2026-06-07,12:55,27.9,68.9,31.1,72480.6
北京鹫峰国家森林公园,2026-06-07,13:00,27.6,60.2,39.2,72378.0
北京鹫峰国家森林公园,2026-06-07,13:05,26.8,67.3,37.5,75992.0
北京鹫峰国家森林公园,2026-06-07,13:10,26.9,65.2,36.3,61426.9
北京鹫峰国家森林公园,2026-06-07,13:15,27.1,60.8,43.4,70567.7
北京鹫峰国家森林公园,2026-06-07,13:20,26.6,67.9,39.4,70448.6
北京鹫峰国家森林公园,2026-06-07,13:25,27.8,68.3,31.5,69109.7
北京鹫峰国家森林公园,2026-06-07,13:30,27.5,60.1,36.2,68656.3
北京鹫峰国家森林公园,2026-06-07,13:35,27.9,63.7,39.3,76821.0
北京鹫峰国家森林公园,2026-06-07,13:40,26.7,65.3,41.4,60663.8
北京鹫峰国家森林公园,2026-06-07,13:45,28.2,65.2,34.1,59450.5
北京鹫峰国家森林公园,2026-06-07,13:50,28.1,61.1,41.2,73177.0
北京鹫峰国家森林公园,2026-06-07,13:55,26.8,60.9,40.3,60954.3
北京鹫峰国家森林公园,2026-06-07,14:00,28.7,60.9,38.8,71288.1
北京鹫峰国家森林公园,2026-06-07,14:05,27.7,64.7,34.5,54368.6
北京鹫峰国家森林公园,2026-06-07,14:10,27.0,65.0,31.2,71600.8
北京鹫峰国家森林公园,2026-06-07,14:15,28.1,65.4,35.6,57362.4
北京鹫峰国家森林公园,2026-06-07,14:20,27.8,66.0,42.3,50820.6
北京鹫峰国家森林公园,2026-06-07,14:25,26.9,63.2,36.2,49049.5
北京鹫峰国家森林公园,2026-06-07,14:30,28.3,64.7,44.9,55848.0
北京鹫峰国家森林公园,2026-06-07,14:35,26.7,59.3,43.1,58499.6
北京鹫峰国家森林公园,2026-06-07,14:40,28.0,66.5,32.6,49821.6
北京鹫峰国家森林公园,2026-06-07,14:45,27.6,65.4,32.9,42598.2
北京鹫峰国家森林公园,2026-06-07,14:50,28.1,63.6,32.7,48078.1
北京鹫峰国家森林公园,2026-06-07,14:55,28.2,66.1,37.1,55970.6
北京鹫峰国家森林公园,2026-06-07,15:00,28.7,66.2,40.6,42752.3
北京鹫峰国家森林公园,2026-06-07,15:05,28.5,63.5,40.1,50129.9
北京鹫峰国家森林公园,2026-06-07,15:10,27.6,66.0,41.8,46245.4
北京鹫峰国家森林公园,2026-06-07,15:15,28.4,60.7,32.3,38112.0
北京鹫峰国家森林公园,2026-06-07,15:20,28.2,61.3,37.9,38295.6
北京鹫峰国家森林公园,2026-06-07,15:25,28.6,65.8,43.7,48755.3
北京鹫峰国家森林公园,2026-06-07,15:30,27.8,64.1,44.5,36940.9
北京鹫峰国家森林公园,2026-06-07,15:35,28.0,66.1,31.8,36110.6
北京鹫峰国家森林公园,2026-06-07,15:40,27.1,57.8,32.7,37306.1
北京鹫峰国家森林公园,2026-06-07,15:45,27.8,58.6,42.9,45997.2
北京鹫峰国家森林公园,2026-06-07,15:50,27.2,58.0,37.0,36031.9
北京鹫峰国家森林公园,2026-06-07,15:55,28.3,60.4,34.1,32807.5
北京鹫峰国家森林公园,2026-06-07,16:00,27.2,58.1,42.3,34582.9
北京鹫峰国家森林公园,2026-06-07,16:05,28.2,60.0,34.1,28187.7
北京鹫峰国家森林公园,2026-06-07,16:10,26.8,62.0,44.6,38639.6
北京鹫峰国家森林公园,2026-06-07,16:15,28.1,64.5,43.1,30324.9
北京鹫峰国家森林公园,2026-06-07,16:20,27.6,61.9,35.4,32494.9
北京鹫峰国家森林公园,2026-06-07,16:25,27.5,66.1,32.4,34158.1
北京鹫峰国家森林公园,2026-06-07,16:30,27.8,64.7,34.5,30058.8
北京鹫峰国家森林公园,2026-06-07,16:35,27.8,62.8,38.6,22406.8
北京鹫峰国家森林公园,2026-06-07,16:40,27.9,61.9,36.0,24963.7
北京鹫峰国家森林公园,2026-06-07,16:45,26.5,63.7,41.0,23982.4
北京鹫峰国家森林公园,2026-06-07,16:50,26.9,63.6,41.5,16713.5
北京鹫峰国家森林公园,2026-06-07,16:55,26.6,63.0,36.1,20788.7
北京鹫峰国家森林公园,2026-06-07,17:00,27.8,63.2,38.7,18968.6
北京鹫峰国家森林公园,2026-06-07,17:05,28.0,63.4,44.4,14586.7
北京鹫峰国家森林公园,2026-06-07,17:10,28.1,67.5,42.6,14889.7
北京鹫峰国家森林公园,2026-06-07,17:15,28.2,63.8,31.9,15629.7
北京鹫峰国家森林公园,2026-06-07,17:20,26.4,68.1,44.0,10485.3
北京鹫峰国家森林公园,2026-06-07,17:25,26.4,64.9,37.8,11771.5
北京鹫峰国家森林公园,2026-06-07,17:30,27.4,64.7,41.5,9401.3
北京鹫峰国家森林公园,2026-06-07,17:35,27.3,62.8,34.3,9017.1
北京鹫峰国家森林公园,2026-06-07,17:40,28.0,61.5,33.8,4950.9
北京鹫峰国家森林公园,2026-06-07,17:45,27.2,65.8,41.0,4435.7
北京鹫峰国家森林公园,2026-06-07,17:50,27.0,60.3,36.8,3078.4
北京鹫峰国家森林公园,2026-06-07,17:55,27.9,66.7,39.3,1336.0
北京鹫峰国家森林公园,2026-06-07,18:00,26.9,65.3,45.6,0.0
北京鹫峰国家森林公园,2026-06-07,18:05,26.3,67.8,43.7,0.0
北京鹫峰国家森林公园,2026-06-07,18:10,26.3,61.1,43.8,0.0
北京鹫峰国家森林公园,2026-06-07,18:15,27.5,62.3,55.3,0.0
北京鹫峰国家森林公园,2026-06-07,18:20,27.7,61.3,43.6,0.0
北京鹫峰国家森林公园,2026-06-07,18:25,27.8,68.8,47.0,0.0
北京鹫峰国家森林公园,2026-06-07,18:30,26.7,64.0,55.9,0.0
北京鹫峰国家森林公园,2026-06-07,18:35,27.5,62.3,49.9,0.0
北京鹫峰国家森林公园,2026-06-07,18:40,27.0,67.7,55.4,0.0
北京鹫峰国家森林公园,2026-06-07,18:45,28.1,61.9,51.1,0.0
北京鹫峰国家森林公园,2026-06-07,18:50,26.8,69.3,55.0,0.0
北京鹫峰国家森林公园,2026-06-07,18:55,25.9,70.2,47.5,0.0
北京鹫峰国家森林公园,2026-06-07,19:00,26.7,63.3,52.6,0.0
北京鹫峰国家森林公园,2026-06-07,19:05,27.5,64.8,52.3,0.0
北京鹫峰国家森林公园,2026-06-07,19:10,26.9,66.1,44.0,0.0
北京鹫峰国家森林公园,2026-06-07,19:15,25.8,67.2,48.1,0.0
北京鹫峰国家森林公园,2026-06-07,19:20,25.9,63.0,43.0,0.0
北京鹫峰国家森林公园,2026-06-07,19:25,27.3,63.5,51.5,0.0
北京鹫峰国家森林公园,2026-06-07,19:30,26.4,67.7,44.1,0.0
北京鹫峰国家森林公园,2026-06-07,19:35,26.7,63.1,47.0,0.0
北京鹫峰国家森林公园,2026-06-07,19:40,26.9,66.6,49.9,0.0
北京鹫峰国家森林公园,2026-06-07,19:45,27.7,71.2,46.6,0.0
北京鹫峰国家森林公园,2026-06-07,19:50,26.5,68.1,48.7,0.0
北京鹫峰国家森林公园,2026-06-07,19:55,26.7,70.4,45.4,0.0
北京鹫峰国家森林公园,2026-06-07,20:00,27.5,69.3,50.9,0.0
北京鹫峰国家森林公园,2026-06-07,20:05,26.2,69.9,51.6,0.0
北京鹫峰国家森林公园,2026-06-07,20:10,26.1,69.1,43.7,0.0
北京鹫峰国家森林公园,2026-06-07,20:15,25.9,64.0,42.6,0.0
北京鹫峰国家森林公园,2026-06-07,20:20,26.2,68.1,55.1,0.0
北京鹫峰国家森林公园,2026-06-07,20:25,25.8,65.5,52.3,0.0
北京鹫峰国家森林公园,2026-06-07,20:30,26.8,66.8,53.3,0.0
北京鹫峰国家森林公园,2026-06-07,20:35,26.9,66.6,42.6,0.0
北京鹫峰国家森林公园,2026-06-07,20:40,25.7,66.6,43.4,0.0
北京鹫峰国家森林公园,2026-06-07,20:45,25.9,65.6,42.9,0.0
北京鹫峰国家森林公园,2026-06-07,20:50,27.2,66.9,42.9,0.0
北京鹫峰国家森林公园,2026-06-07,20:55,26.2,64.0,44.7,0.0
北京鹫峰国家森林公园,2026-06-07,21:00,26.0,71.9,46.2,0.0
北京鹫峰国家森林公园,2026-06-07,21:05,26.7,65.4,33.9,0.0
北京鹫峰国家森林公园,2026-06-07,21:10,25.8,72.7,35.5,0.0
北京鹫峰国家森林公园,2026-06-07,21:15,25.6,68.4,39.7,0.0
北京鹫峰国家森林公园,2026-06-07,21:20,27.3,65.3,36.5,0.0
北京鹫峰国家森林公园,2026-06-07,21:25,27.1,73.3,42.4,0.0
北京鹫峰国家森林公园,2026-06-07,21:30,25.4,66.2,40.2,0.0
北京鹫峰国家森林公园,2026-06-07,21:35,27.3,65.6,38.6,0.0
北京鹫峰国家森林公园,2026-06-07,21:40,26.6,70.5,42.9,0.0
北京鹫峰国家森林公园,2026-06-07,21:45,25.4,73.1,33.4,0.0
北京鹫峰国家森林公园,2026-06-07,21:50,26.6,69.6,31.6,0.0
北京鹫峰国家森林公园,2026-06-07,21:55,26.4,73.8,39.7,0.0
北京鹫峰国家森林公园,2026-06-07,22:00,26.8,70.4,33.6,0.0
北京鹫峰国家森林公园,2026-06-07,22:05,26.7,71.8,36.3,0.0
北京鹫峰国家森林公园,2026-06-07,22:10,25.7,71.3,40.7,0.0
北京鹫峰国家森林公园,2026-06-07,22:15,25.7,69.4,37.2,0.0
北京鹫峰国家森林公园,2026-06-07,22:20,26.6,71.0,39.9,0.0
北京鹫峰国家森林公园,2026-06-07,22:25,26.9,67.5,35.3,0.0
北京鹫峰国家森林公园,2026-06-07,22:30,26.8,73.5,33.2,0.0
北京鹫峰国家森林公园,2026-06-07,22:35,25.2,74.4,41.7,0.0
北京鹫峰国家森林公园,2026-06-07,22:40,26.0,66.9,41.0,0.0
北京鹫峰国家森林公园,2026-06-07,22:45,26.2,70.0,35.3,0.0
北京鹫峰国家森林公园,2026-06-07,22:50,26.8,67.9,33.6,0.0
北京鹫峰国家森林公园,2026-06-07,22:55,25.5,69.8,31.5,0.0
北京鹫峰国家森林公园,2026-06-07,23:00,25.1,69.8,31.2,0.0
北京鹫峰国家森林公园,2026-06-07,23:05,26.5,73.4,44.1,0.0
北京鹫峰国家森林公园,2026-06-07,23:10,24.9,67.6,33.3,0.0
北京鹫峰国家森林公园,2026-06-07,23:15,26.8,70.0,36.3,0.0
北京鹫峰国家森林公园,2026-06-07,23:20,24.8,73.6,42.7,0.0
北京鹫峰国家森林公园,2026-06-07,23:25,26.0,75.0,33.4,0.0
北京鹫峰国家森林公园,2026-06-07,23:30,25.1,70.4,44.9,0.0
北京鹫峰国家森林公园,2026-06-07,23:35,26.3,73.6,38.1,0.0
北京鹫峰国家森林公园,2026-06-07,23:40,25.5,74.2,37.3,0.0
北京鹫峰国家森林公园,2026-06-07,23:45,26.0,68.6,31.2,0.0
北京鹫峰国家森林公园,2026-06-07,23:50,26.5,76.6,39.7,0.0
北京鹫峰国家森林公园,2026-06-07,23:55,25.9,76.6,40.3,0.0
北京鹫峰国家森林公园,2026-06-08,00:00,23.0,79.0,46.2,0.0
北京鹫峰国家森林公园,2026-06-08,00:05,21.7,74.1,39.3,0.0
北京鹫峰国家森林公园,2026-06-08,00:10,22.0,75.2,35.9,0.0
北京鹫峰国家森林公园,2026-06-08,00:15,22.5,72.6,43.7,0.0
北京鹫峰国家森林公园,2026-06-08,00:20,23.5,78.3,36.6,0.0
北京鹫峰国家森林公园,2026-06-08,00:25,22.6,75.9,39.9,0.0
北京鹫峰国家森林公园,2026-06-08,00:30,22.7,72.7,33.5,0.0
北京鹫峰国家森林公园,2026-06-08,00:35,23.3,75.0,44.8,0.0
北京鹫峰国家森林公园,2026-06-08,00:40,22.9,72.6,34.9,0.0
北京鹫峰国家森林公园,2026-06-08,00:45,23.2,74.8,44.9,0.0
北京鹫峰国家森林公园,2026-06-08,00:50,22.6,80.0,37.1,0.0
北京鹫峰国家森林公园,2026-06-08,00:55,23.5,75.7,42.7,0.0
北京鹫峰国家森林公园,2026-06-08,01:00,22.6,78.9,46.3,0.0
北京鹫峰国家森林公园,2026-06-08,01:05,22.0,72.6,41.9,0.0
北京鹫峰国家森林公园,2026-06-08,01:10,21.8,75.6,40.2,0.0
北京鹫峰国家森林公园,2026-06-08,01:15,21.6,73.4,42.2,0.0
北京鹫峰国家森林公园,2026-06-08,01:20,23.0,81.1,36.5,0.0
北京鹫峰国家森林公园,2026-06-08,01:25,22.2,78.2,46.4,0.0
北京鹫峰国家森林公园,2026-06-08,01:30,22.8,74.2,41.6,0.0
北京鹫峰国家森林公园,2026-06-08,01:35,23.2,73.2,46.2,0.0
北京鹫峰国家森林公园,2026-06-08,01:40,23.0,75.4,39.5,0.0
北京鹫峰国家森林公园,2026-06-08,01:45,23.5,78.0,32.9,0.0
北京鹫峰国家森林公园,2026-06-08,01:50,22.6,78.4,38.0,0.0
北京鹫峰国家森林公园,2026-06-08,01:55,23.5,73.8,39.0,0.0
北京鹫峰国家森林公园,2026-06-08,02:00,22.5,78.1,44.8,0.0
北京鹫峰国家森林公园,2026-06-08,02:05,23.0,73.7,35.9,0.0
北京鹫峰国家森林公园,2026-06-08,02:10,22.9,73.9,43.0,0.0
北京鹫峰国家森林公园,2026-06-08,02:15,21.6,74.1,34.3,0.0
北京鹫峰国家森林公园,2026-06-08,02:20,23.6,81.0,43.1,0.0
北京鹫峰国家森林公园,2026-06-08,02:25,22.2,72.5,39.2,0.0
北京鹫峰国家森林公园,2026-06-08,02:30,23.5,77.8,40.8,0.0
北京鹫峰国家森林公园,2026-06-08,02:35,22.8,79.1,36.8,0.0
北京鹫峰国家森林公园,2026-06-08,02:40,22.1,77.1,41.4,0.0
北京鹫峰国家森林公园,2026-06-08,02:45,23.2,72.3,37.1,0.0
北京鹫峰国家森林公园,2026-06-08,02:50,23.7,77.1,45.0,0.0
北京鹫峰国家森林公园,2026-06-08,02:55,22.3,74.4,36.0,0.0
北京鹫峰国家森林公园,2026-06-08,03:00,21.9,74.6,40.1,0.0
北京鹫峰国家森林公园,2026-06-08,03:05,22.5,74.9,40.5,0.0
北京鹫峰国家森林公园,2026-06-08,03:10,22.9,75.5,37.0,0.0
北京鹫峰国家森林公园,2026-06-08,03:15,23.2,76.3,46.4,0.0
北京鹫峰国家森林公园,2026-06-08,03:20,23.8,76.5,38.2,0.0
北京鹫峰国家森林公园,2026-06-08,03:25,22.5,78.8,43.8,0.0
北京鹫峰国家森林公园,2026-06-08,03:30,21.6,73.8,46.5,0.0
北京鹫峰国家森林公园,2026-06-08,03:35,22.4,78.5,43.0,0.0
北京鹫峰国家森林公园,2026-06-08,03:40,23.3,77.8,41.7,0.0
北京鹫峰国家森林公园,2026-06-08,03:45,21.9,75.8,42.8,0.0
北京鹫峰国家森林公园,2026-06-08,03:50,21.8,74.1,46.3,0.0
北京鹫峰国家森林公园,2026-06-08,03:55,23.4,75.5,45.5,0.0
北京鹫峰国家森林公园,2026-06-08,04:00,23.4,78.4,37.2,0.0
北京鹫峰国家森林公园,2026-06-08,04:05,23.6,80.4,46.8,0.0
北京鹫峰国家森林公园,2026-06-08,04:10,23.3,77.5,37.8,0.0
北京鹫峰国家森林公园,2026-06-08,04:15,21.8,72.5,34.6,0.0
北京鹫峰国家森林公园,2026-06-08,04:20,23.7,80.7,37.2,0.0
北京鹫峰国家森林公园,2026-06-08,04:25,23.7,72.6,35.7,0.0
北京鹫峰国家森林公园,2026-06-08,04:30,22.2,77.0,46.5,0.0
北京鹫峰国家森林公园,2026-06-08,04:35,22.3,78.2,41.9,0.0
北京鹫峰国家森林公园,2026-06-08,04:40,22.0,73.7,43.5,0.0
北京鹫峰国家森林公园,2026-06-08,04:45,22.1,78.0,42.1,0.0
北京鹫峰国家森林公园,2026-06-08,04:50,23.1,80.1,44.4,0.0
北京鹫峰国家森林公园,2026-06-08,04:55,22.0,80.7,42.2,0.0
北京鹫峰国家森林公园,2026-06-08,05:00,22.2,75.9,44.7,0.0
北京鹫峰国家森林公园,2026-06-08,05:05,23.1,75.1,38.1,0.0
北京鹫峰国家森林公园,2026-06-08,05:10,23.4,73.0,33.9,0.0
北京鹫峰国家森林公园,2026-06-08,05:15,22.7,74.9,45.4,0.0
北京鹫峰国家森林公园,2026-06-08,05:20,23.7,74.6,38.5,0.0
北京鹫峰国家森林公园,2026-06-08,05:25,22.1,80.9,37.4,0.0
北京鹫峰国家森林公园,2026-06-08,05:30,22.0,74.1,32.9,0.0
北京鹫峰国家森林公园,2026-06-08,05:35,22.7,73.8,35.2,0.0
北京鹫峰国家森林公园,2026-06-08,05:40,23.2,80.1,43.5,0.0
北京鹫峰国家森林公园,2026-06-08,05:45,22.9,76.4,32.9,0.0
北京鹫峰国家森林公园,2026-06-08,05:50,23.4,74.0,34.5,0.0
北京鹫峰国家森林公园,2026-06-08,05:55,21.6,74.5,45.8,0.0
北京鹫峰国家森林公园,2026-06-08,06:00,27.0,73.7,41.9,0
北京鹫峰国家森林公园,2026-06-08,06:05,27.1,74.1,39.5,1303.0
北京鹫峰国家森林公园,2026-06-08,06:10,25.9,73.4,37.1,3479.6
北京鹫峰国家森林公园,2026-06-08,06:15,27.2,73.5,45.2,5351.6
北京鹫峰国家森林公园,2026-06-08,06:20,27.7,77.4,33.2,5407.3
北京鹫峰国家森林公园,2026-06-08,06:25,27.8,74.8,36.8,8253.1
北京鹫峰国家森林公园,2026-06-08,06:30,26.6,77.2,46.5,7733.1
北京鹫峰国家森林公园,2026-06-08,06:35,27.0,72.4,33.9,11358.8
北京鹫峰国家森林公园,2026-06-08,06:40,27.2,79.0,45.6,14601.0
北京鹫峰国家森林公园,2026-06-08,06:45,26.5,74.1,37.3,12642.0
北京鹫峰国家森林公园,2026-06-08,06:50,27.7,73.6,42.7,18356.0
北京鹫峰国家森林公园,2026-06-08,06:55,26.8,80.1,39.9,16550.4
北京鹫峰国家森林公园,2026-06-08,07:00,26.3,69.1,49.4,21731.6
北京鹫峰国家森林公园,2026-06-08,07:05,26.8,68.5,53.8,16251.6
北京鹫峰国家森林公园,2026-06-08,07:10,26.5,64.6,55.6,23256.2
北京鹫峰国家森林公园,2026-06-08,07:15,26.2,72.1,53.9,21802.0
北京鹫峰国家森林公园,2026-06-08,07:20,26.6,72.0,58.6,27600.2
北京鹫峰国家森林公园,2026-06-08,07:25,27.6,69.0,48.2,29902.6
北京鹫峰国家森林公园,2026-06-08,07:30,26.4,65.5,49.6,24686.7
北京鹫峰国家森林公园,2026-06-08,07:35,27.0,69.1,59.1,27403.3
北京鹫峰国家森林公园,2026-06-08,07:40,27.2,70.4,52.1,28535.0
北京鹫峰国家森林公园,2026-06-08,07:45,28.1,69.9,58.2,35791.6
北京鹫峰国家森林公园,2026-06-08,07:50,26.5,68.9,49.1,25817.7
北京鹫峰国家森林公园,2026-06-08,07:55,26.5,67.0,49.4,40733.8
北京鹫峰国家森林公园,2026-06-08,08:00,27.6,67.6,52.1,38315.1
北京鹫峰国家森林公园,2026-06-08,08:05,26.2,71.3,59.9,36823.3
北京鹫峰国家森林公园,2026-06-08,08:10,26.2,67.6,56.3,44417.0
北京鹫峰国家森林公园,2026-06-08,08:15,26.4,70.3,56.4,35984.3
北京鹫峰国家森林公园,2026-06-08,08:20,27.0,65.1,58.0,45040.0
北京鹫峰国家森林公园,2026-06-08,08:25,27.9,69.8,53.1,41336.3
北京鹫峰国家森林公园,2026-06-08,08:30,26.8,63.2,48.0,51152.3
北京鹫峰国家森林公园,2026-06-08,08:35,26.4,63.7,53.0,45596.0
北京鹫峰国家森林公园,2026-06-08,08:40,26.8,63.4,57.2,42570.8
北京鹫峰国家森林公园,2026-06-08,08:45,27.5,71.6,52.5,48571.7
北京鹫峰国家森林公园,2026-06-08,08:50,27.3,67.2,52.1,52963.6
北京鹫峰国家森林公园,2026-06-08,08:55,27.2,67.8,51.1,40311.2
北京鹫峰国家森林公园,2026-06-08,09:00,26.2,62.9,48.7,42136.5
北京鹫峰国家森林公园,2026-06-08,09:05,28.3,71.2,43.7,44712.7
北京鹫峰国家森林公园,2026-06-08,09:10,28.0,66.8,36.3,45728.5
北京鹫峰国家森林公园,2026-06-08,09:15,26.7,68.0,39.6,48792.4
北京鹫峰国家森林公园,2026-06-08,09:20,28.1,70.3,43.6,56290.4
北京鹫峰国家森林公园,2026-06-08,09:25,28.3,68.8,34.7,60400.5
北京鹫峰国家森林公园,2026-06-08,09:30,27.3,70.3,41.6,63429.0
北京鹫峰国家森林公园,2026-06-08,09:35,28.0,62.5,38.1,68022.5
北京鹫峰国家森林公园,2026-06-08,09:40,27.7,66.2,37.1,51750.7
北京鹫峰国家森林公园,2026-06-08,09:45,28.3,62.3,41.1,68500.5
北京鹫峰国家森林公园,2026-06-08,09:50,26.5,63.7,44.4,60455.0
北京鹫峰国家森林公园,2026-06-08,09:55,28.1,65.1,40.0,63515.5
北京鹫峰国家森林公园,2026-06-08,10:00,26.7,67.9,38.2,55497.6
北京鹫峰国家森林公园,2026-06-08,10:05,27.2,69.3,38.1,70936.7
北京鹫峰国家森林公园,2026-06-08,10:10,26.6,65.5,44.9,50146.2
北京鹫峰国家森林公园,2026-06-08,10:15,27.1,66.0,44.4,58238.6
北京鹫峰国家森林公园,2026-06-08,10:20,28.4,62.4,38.2,58487.1
北京鹫峰国家森林公园,2026-06-08,10:25,26.4,67.0,36.0,74457.8
北京鹫峰国家森林公园,2026-06-08,10:30,27.0,67.5,35.1,62609.3
北京鹫峰国家森林公园,2026-06-08,10:35,27.0,63.0,40.6,77816.6
北京鹫峰国家森林公园,2026-06-08,10:40,28.6,68.5,35.1,64227.1
北京鹫峰国家森林公园,2026-06-08,10:45,27.6,63.5,39.5,76327.1
北京鹫峰国家森林公园,2026-06-08,10:50,28.4,65.7,37.9,67524.0
北京鹫峰国家森林公园,2026-06-08,10:55,26.8,65.6,43.5,66286.9
北京鹫峰国家森林公园,2026-06-08,11:00,27.5,68.3,41.1,59599.9
北京鹫峰国家森林公园,2026-06-08,11:05,26.6,65.8,42.1,69137.0
北京鹫峰国家森林公园,2026-06-08,11:10,28.4,63.9,43.8,72367.9
北京鹫峰国家森林公园,2026-06-08,11:15,28.6,60.7,42.2,74335.0
北京鹫峰国家森林公园,2026-06-08,11:20,28.0,63.8,44.6,63235.4
北京鹫峰国家森林公园,2026-06-08,11:25,27.4,63.9,34.5,57694.0
北京鹫峰国家森林公园,2026-06-08,11:30,28.4,64.8,42.3,58695.5
北京鹫峰国家森林公园,2026-06-08,11:35,28.5,66.1,34.5,64617.8
北京鹫峰国家森林公园,2026-06-08,11:40,27.7,66.7,44.6,57173.6
北京鹫峰国家森林公园,2026-06-08,11:45,27.8,64.9,39.1,57547.6
北京鹫峰国家森林公园,2026-06-08,11:50,28.8,60.1,45.9,72926.6
北京鹫峰国家森林公园,2026-06-08,11:55,28.1,61.7,39.4,80073.6
北京鹫峰国家森林公园,2026-06-08,12:00,26.9,63.4,41.9,72044.1
北京鹫峰国家森林公园,2026-06-08,12:05,27.0,62.2,40.6,72514.9
北京鹫峰国家森林公园,2026-06-08,12:10,27.5,66.5,39.1,59476.2
北京鹫峰国家森林公园,2026-06-08,12:15,27.3,66.7,41.5,81259.1
北京鹫峰国家森林公园,2026-06-08,12:20,27.3,65.0,39.4,69111.9
北京鹫峰国家森林公园,2026-06-08,12:25,27.4,62.9,35.2,77957.0
北京鹫峰国家森林公园,2026-06-08,12:30,27.2,61.2,36.0,76275.9
北京鹫峰国家森林公园,2026-06-08,12:35,28.9,64.3,45.3,67188.0
北京鹫峰国家森林公园,2026-06-08,12:40,28.5,61.2,33.0,66883.0
北京鹫峰国家森林公园,2026-06-08,12:45,27.3,63.7,37.1,71011.4
北京鹫峰国家森林公园,2026-06-08,12:50,27.2,62.5,37.7,75222.9
北京鹫峰国家森林公园,2026-06-08,12:55,27.9,60.8,39.4,73864.9
北京鹫峰国家森林公园,2026-06-08,13:00,28.7,61.9,39.2,69923.7
北京鹫峰国家森林公园,2026-06-08,13:05,27.9,60.8,44.9,57316.3
北京鹫峰国家森林公园,2026-06-08,13:10,28.4,65.6,40.1,74016.8
北京鹫峰国家森林公园,2026-06-08,13:15,27.8,63.2,35.1,71671.0
北京鹫峰国家森林公园,2026-06-08,13:20,27.2,58.9,42.2,76499.7
北京鹫峰国家森林公园,2026-06-08,13:25,27.4,62.0,37.5,59955.2
北京鹫峰国家森林公园,2026-06-08,13:30,29.0,63.6,35.0,66981.0
北京鹫峰国家森林公园,2026-06-08,13:35,28.6,65.6,45.4,66216.0
北京鹫峰国家森林公园,2026-06-08,13:40,27.1,66.1,45.8,53571.8
北京鹫峰国家森林公园,2026-06-08,13:45,29.2,60.8,36.0,61420.2
北京鹫峰国家森林公园,2026-06-08,13:50,29.0,66.7,35.2,56459.4
北京鹫峰国家森林公园,2026-06-08,13:55,28.5,58.8,33.4,53373.4
北京鹫峰国家森林公园,2026-06-08,14:00,27.2,65.9,43.4,60656.1
北京鹫峰国家森林公园,2026-06-08,14:05,27.9,60.3,44.0,60721.6
北京鹫峰国家森林公园,2026-06-08,14:10,27.8,66.1,37.1,58836.6
北京鹫峰国家森林公园,2026-06-08,14:15,28.4,66.4,33.3,51878.5
北京鹫峰国家森林公园,2026-06-08,14:20,27.6,58.8,35.5,64422.8
北京鹫峰国家森林公园,2026-06-08,14:25,28.4,58.6,43.3,56379.1
北京鹫峰国家森林公园,2026-06-08,14:30,28.6,66.1,44.4,61454.8
北京鹫峰国家森林公园,2026-06-08,14:35,28.2,63.7,37.9,66111.4
北京鹫峰国家森林公园,2026-06-08,14:40,27.2,65.8,45.7,57915.2
北京鹫峰国家森林公园,2026-06-08,14:45,27.5,64.0,34.4,63799.6
北京鹫峰国家森林公园,2026-06-08,14:50,28.2,63.8,37.0,56519.3
北京鹫峰国家森林公园,2026-06-08,14:55,28.2,59.5,39.1,48865.7
北京鹫峰国家森林公园,2026-06-08,15:00,28.0,60.1,46.5,47432.0
北京鹫峰国家森林公园,2026-06-08,15:05,27.9,57.9,37.4,50677.0
北京鹫峰国家森林公园,2026-06-08,15:10,28.9,62.8,43.7,45890.6
北京鹫峰国家森林公园,2026-06-08,15:15,27.7,60.9,36.4,55246.8
北京鹫峰国家森林公园,2026-06-08,15:20,27.8,60.5,35.8,52554.8
北京鹫峰国家森林公园,2026-06-08,15:25,28.4,61.8,41.5,48196.8
北京鹫峰国家森林公园,2026-06-08,15:30,27.2,62.3,37.4,40865.1
北京鹫峰国家森林公园,2026-06-08,15:35,27.4,63.6,34.2,38182.3
北京鹫峰国家森林公园,2026-06-08,15:40,28.6,59.9,36.3,47797.3
北京鹫峰国家森林公园,2026-06-08,15:45,28.8,62.8,42.7,35106.6
北京鹫峰国家森林公园,2026-06-08,15:50,28.9,57.7,38.4,42220.8
北京鹫峰国家森林公园,2026-06-08,15:55,28.0,59.5,36.0,38442.0
北京鹫峰国家森林公园,2026-06-08,16:00,28.2,60.6,39.6,35098.4
北京鹫峰国家森林公园,2026-06-08,16:05,28.2,65.1,34.4,33847.2
北京鹫峰国家森林公园,2026-06-08,16:10,27.0,58.9,40.8,36251.6
北京鹫峰国家森林公园,2026-06-08,16:15,27.8,61.7,40.1,32937.1
北京鹫峰国家森林公园,2026-06-08,16:20,27.3,64.5,35.2,27947.0
北京鹫峰国家森林公园,2026-06-08,16:25,27.2,59.2,43.6,23412.4
北京鹫峰国家森林公园,2026-06-08,16:30,28.3,63.4,41.1,22744.6
北京鹫峰国家森林公园,2026-06-08,16:35,28.8,60.6,33.2,21358.3
北京鹫峰国家森林公园,2026-06-08,16:40,28.0,58.3,39.7,26491.1
北京鹫峰国家森林公园,2026-06-08,16:45,28.6,59.3,36.5,23513.6
北京鹫峰国家森林公园,2026-06-08,16:50,28.5,62.6,34.6,24886.2
北京鹫峰国家森林公园,2026-06-08,16:55,27.8,62.1,36.2,22544.5
北京鹫峰国家森林公园,2026-06-08,17:00,27.6,66.3,34.1,21047.5
北京鹫峰国家森林公园,2026-06-08,17:05,27.7,60.6,35.6,13928.9
北京鹫峰国家森林公园,2026-06-08,17:10,28.5,58.5,43.5,13329.3
北京鹫峰国家森林公园,2026-06-08,17:15,27.4,59.1,34.4,11957.8
北京鹫峰国家森林公园,2026-06-08,17:20,28.0,67.0,39.8,10961.5
北京鹫峰国家森林公园,2026-06-08,17:25,26.9,61.8,33.5,9145.6
北京鹫峰国家森林公园,2026-06-08,17:30,28.8,58.9,45.5,8416.5
北京鹫峰国家森林公园,2026-06-08,17:35,27.5,62.9,34.2,7227.0
北京鹫峰国家森林公园,2026-06-08,17:40,26.7,59.7,35.8,7117.7
北京鹫峰国家森林公园,2026-06-08,17:45,27.1,67.0,45.4,4184.3
北京鹫峰国家森林公园,2026-06-08,17:50,26.7,61.8,41.8,3547.3
北京鹫峰国家森林公园,2026-06-08,17:55,26.9,62.9,42.6,1362.2
北京鹫峰国家森林公园,2026-06-08,18:00,28.6,63.4,45.0,0.0
北京鹫峰国家森林公园,2026-06-08,18:05,27.8,64.4,51.5,0.0
北京鹫峰国家森林公园,2026-06-08,18:10,27.0,63.3,55.0,0.0
北京鹫峰国家森林公园,2026-06-08,18:15,28.2,63.8,44.0,0.0
北京鹫峰国家森林公园,2026-06-08,18:20,27.4,64.3,49.7,0.0
北京鹫峰国家森林公园,2026-06-08,18:25,27.5,60.4,54.5,0.0
北京鹫峰国家森林公园,2026-06-08,18:30,27.3,63.3,53.6,0.0
北京鹫峰国家森林公园,2026-06-08,18:35,27.0,61.5,51.0,0.0
北京鹫峰国家森林公园,2026-06-08,18:40,27.7,60.9,44.6,0.0
北京鹫峰国家森林公园,2026-06-08,18:45,28.2,61.7,47.6,0.0
北京鹫峰国家森林公园,2026-06-08,18:50,27.6,61.4,51.3,0.0
北京鹫峰国家森林公园,2026-06-08,18:55,26.6,67.3,52.5,0.0
北京鹫峰国家森林公园,2026-06-08,19:00,27.2,67.3,57.5,0.0
北京鹫峰国家森林公园,2026-06-08,19:05,27.7,67.3,56.3,0.0
北京鹫峰国家森林公园,2026-06-08,19:10,28.2,64.7,50.8,0.0
北京鹫峰国家森林公园,2026-06-08,19:15,26.7,62.1,44.7,0.0
北京鹫峰国家森林公园,2026-06-08,19:20,28.3,67.3,45.1,0.0
北京鹫峰国家森林公园,2026-06-08,19:25,26.2,69.5,46.1,0.0
北京鹫峰国家森林公园,2026-06-08,19:30,28.0,61.3,50.7,0.0
北京鹫峰国家森林公园,2026-06-08,19:35,28.0,63.6,51.8,0.0
北京鹫峰国家森林公园,2026-06-08,19:40,26.3,64.2,47.6,0.0
北京鹫峰国家森林公园,2026-06-08,19:45,26.8,66.6,56.0,0.0
北京鹫峰国家森林公园,2026-06-08,19:50,26.2,63.4,55.9,0.0
北京鹫峰国家森林公园,2026-06-08,19:55,27.5,65.1,48.0,0.0
北京鹫峰国家森林公园,2026-06-08,20:00,26.1,62.2,57.2,0.0
北京鹫峰国家森林公园,2026-06-08,20:05,26.7,68.4,48.5,0.0
北京鹫峰国家森林公园,2026-06-08,20:10,27.4,64.1,48.2,0.0
北京鹫峰国家森林公园,2026-06-08,20:15,27.7,68.2,52.3,0.0
北京鹫峰国家森林公园,2026-06-08,20:20,27.9,63.4,52.1,0.0
北京鹫峰国家森林公园,2026-06-08,20:25,26.7,65.8,47.1,0.0
北京鹫峰国家森林公园,2026-06-08,20:30,27.2,67.5,47.9,0.0
北京鹫峰国家森林公园,2026-06-08,20:35,27.5,70.8,55.4,0.0
北京鹫峰国家森林公园,2026-06-08,20:40,26.8,69.6,48.5,0.0
北京鹫峰国家森林公园,2026-06-08,20:45,27.0,67.6,45.2,0.0
北京鹫峰国家森林公园,2026-06-08,20:50,27.0,68.4,45.9,0.0
北京鹫峰国家森林公园,2026-06-08,20:55,26.3,63.1,50.5,0.0
北京鹫峰国家森林公园,2026-06-08,21:00,27.2,64.0,51.5,0.0
北京鹫峰国家森林公园,2026-06-08,21:05,27.3,68.3,46.4,0.0
北京鹫峰国家森林公园,2026-06-08,21:10,26.1,63.0,41.4,0.0
北京鹫峰国家森林公园,2026-06-08,21:15,26.4,65.4,39.4,0.0
北京鹫峰国家森林公园,2026-06-08,21:20,26.1,65.9,39.5,0.0
北京鹫峰国家森林公园,2026-06-08,21:25,26.9,64.1,43.4,0.0
北京鹫峰国家森林公园,2026-06-08,21:30,26.7,71.3,41.5,0.0
北京鹫峰国家森林公园,2026-06-08,21:35,27.0,70.6,33.5,0.0
北京鹫峰国家森林公园,2026-06-08,21:40,26.2,68.5,42.4,0.0
北京鹫峰国家森林公园,2026-06-08,21:45,26.1,72.5,44.6,0.0
北京鹫峰国家森林公园,2026-06-08,21:50,26.6,72.0,35.7,0.0
北京鹫峰国家森林公园,2026-06-08,21:55,26.6,66.3,35.2,0.0
北京鹫峰国家森林公园,2026-06-08,22:00,26.3,65.7,41.4,0.0
北京鹫峰国家森林公园,2026-06-08,22:05,25.9,65.1,45.1,0.0
北京鹫峰国家森林公园,2026-06-08,22:10,27.6,65.9,41.7,0.0
北京鹫峰国家森林公园,2026-06-08,22:15,25.9,68.2,40.0,0.0
北京鹫峰国家森林公园,2026-06-08,22:20,25.6,72.1,39.6,0.0
北京鹫峰国家森林公园,2026-06-08,22:25,26.7,72.4,37.4,0.0
北京鹫峰国家森林公园,2026-06-08,22:30,27.3,65.6,33.6,0.0
北京鹫峰国家森林公园,2026-06-08,22:35,27.5,70.3,40.3,0.0
